,sex,whole_weight,rings
0,M,0.514,15
1,M,0.2255,7
2,F,0.677,9
3,M,0.516,10
4,I,0.205,7
5,I,0.3515,8
6,F,0.7775,20
7,F,0.768,16
8,M,0.5095,9
9,F,0.8945,19
10,F,0.6065,14
11,M,0.406,10
12,M,0.5415,11
13,F,0.6845,10
14,F,0.4755,10
15,M,0.6645,12
16,I,0.2905,7
17,F,0.451,10
18,M,0.2555,7
19,M,0.381,9
20,M,0.2455,11
21,I,0.2255,10
22,F,0.9395,12
23,F,0.7635,9
24,F,1.1615,10
25,F,0.9285,11
26,F,0.9955,11
27,M,0.931,12
28,M,0.9365,15
29,M,0.8635,11
30,M,0.9975,10
31,F,1.639,15
32,M,1.338,18
33,F,1.798,19
34,F,1.7095,13
35,M,0.4795,8
36,F,1.217,16
37,F,0.5225,8
38,F,0.883,11
39,M,0.3275,9
40,F,0.425,9
41,F,0.8515,14
42,I,0.07,5
43,I,0.042,5
44,I,0.042,4
45,I,0.203,7
46,M,0.5795,9
47,F,0.4605,7
48,I,0.161,6
49,F,0.8355,9
50,I,0.595,8
51,M,0.303,7
52,M,0.5415,10
53,F,0.4775,10
54,M,0.385,7
55,F,0.6615,8
56,M,0.4425,8
57,M,0.5895,8
58,I,0.086,4
59,F,0.583,7
60,M,0.4115,7
61,M,0.625,9
62,F,0.6965,10
63,M,0.3785,7
64,M,0.58,8
65,M,0.48,8
66,F,0.915,12
67,F,1.285,13
68,F,0.5305,10
69,I,0.151,6
70,M,0.7665,13
71,F,0.353,8
72,F,1.247,20
73,M,1.185,11
74,F,1.098,13
75,F,1.0075,15
76,M,0.944,9
77,F,0.922,10
78,F,0.788,11
79,F,1.1025,14
80,F,0.941,9
81,M,1.615,12
82,F,0.9885,16
83,M,1.3175,21
84,M,1.013,14
85,F,1.295,12
86,M,1.195,13
87,M,0.8645,10
88,F,0.517,9
89,F,0.9775,12
90,M,0.8115,15
91,M,0.755,12
92,M,1.115,13
93,F,1.262,10
94,M,1.494,15
95,M,1.606,14
96,M,0.725,9
97,M,0.523,8
98,M,0.5225,7
99,F,0.5785,10
100,I,0.2315,7
101,M,0.843,15
102,M,0.883,15
103,M,0.724,10
104,M,1.1735,12
105,F,0.727,12
106,F,0.802,11
107,F,0.6675,10
108,F,0.6335,9
109,F,0.3635,9
110,M,0.5415,9
111,M,0.431,9
112,I,0.3325,9
113,M,0.393,9
114,F,0.6935,11
115,F,0.5915,11
116,F,0.6125,11
117,M,0.402,10
118,F,0.8825,9
119,M,0.2605,8
120,F,0.4205,9
121,I,0.2535,7
122,F,0.766,14
123,M,0.214,6
124,I,0.1755,6
125,I,0.073,5
126,I,0.238,6
127,I,0.2505,8
128,M,1.7255,19
129,M,1.959,18
130,M,1.262,17
131,F,0.4035,9
132,F,0.1915,7
133,I,0.211,7
134,I,0.0975,7
135,F,0.406,8
136,F,0.156,7
137,M,0.2005,9
138,F,0.3555,9
139,M,0.253,9
140,F,0.826,10
141,F,0.741,10
142,M,1.3445,16
143,M,0.797,11
144,M,0.5175,10
145,F,0.549,10
146,M,0.515,10
147,I,0.127,9
148,I,0.0315,5
149,I,0.03,4
150,M,1.053,15
151,F,1.1185,9
152,F,1.3715,10
153,F,1.0565,10
154,F,0.9885,12
155,M,0.722,10
156,F,0.994,13
157,M,1.514,16
158,F,0.9075,13
159,F,1.124,13
160,M,1.056,13
161,F,1.222,13
162,M,1.2445,12
163,F,2.141,18
164,F,1.752,16
165,M,2.55,14
166,F,2.124,20
167,F,1.842,20
168,M,1.981,14
169,F,1.6185,12
170,M,1.9565,14
171,F,0.775,7
172,M,1.065,8
173,F,0.776,8
174,I,0.048,5
175,I,0.1785,7
176,I,0.125,5
177,I,0.1435,8
178,I,0.0465,4
179,M,0.97,11
180,M,0.9395,14
181,M,1.368,21
182,F,1.0235,10
183,F,1.0165,10
184,F,1.5675,12
185,M,1.218,13
186,F,1.0525,12
187,F,1.383,10
188,F,1.199,11
189,F,0.9325,9
190,M,1.1595,13
191,M,1.0225,12
192,M,0.927,14
193,I,0.22,8
194,F,0.8145,10
195,M,0.772,12
196,F,0.644,11
197,M,1.3035,16
198,M,0.922,15
199,M,0.922,10
200,F,0.4165,9
201,M,0.825,13
202,F,0.63,12
203,F,0.8155,13
204,M,0.369,8
205,F,0.482,9
206,I,0.315,9
207,I,0.3795,8
208,F,0.8325,13
209,I,0.2655,7
210,F,0.6345,10
211,M,0.181,7
212,F,0.38,12
213,M,0.6155,9
214,F,0.66,14
215,M,0.8025,10
216,M,0.46,8
217,I,0.324,7
218,M,0.501,10
219,F,0.32,8
220,F,0.455,9
221,F,0.5175,11
222,F,0.5755,9
223,F,0.485,11
224,I,0.3265,10
225,F,0.45,9
226,F,0.3055,7
227,I,0.205,7
228,F,1.1015,11
229,F,0.783,15
230,M,0.836,13
231,M,0.9025,14
232,M,1.4455,22
233,I,0.1155,7
234,I,0.435,12
235,I,0.124,9
236,I,0.002,1
237,I,0.013,3
238,I,0.008,3
239,I,0.021,5
240,M,0.9425,17
241,I,0.1,5
242,I,0.0645,5
243,I,0.1275,8
244,I,0.1655,8
245,I,0.174,10
246,I,0.1585,13
247,I,0.1975,9
248,I,0.156,7
249,I,0.2135,7
250,I,0.1715,7
251,M,1.1235,13
252,F,1.0605,12
253,F,1.094,15
254,M,1.2415,15
255,M,1.011,15
256,M,1.07,19
257,M,0.8975,10
258,F,1.415,15
259,F,1.1015,13
260,F,0.928,11
261,F,0.865,12
262,M,0.8945,11
263,I,0.095,4
264,M,0.1205,6
265,F,0.639,11
266,M,0.895,14
267,M,0.2925,8
268,M,0.6355,9
269,F,0.4995,13
270,F,1.779,22
271,M,1.187,16
272,M,1.219,14
273,M,1.525,15
274,M,1.259,13
275,M,1.844,22
276,F,1.3485,12
277,M,1.642,18
278,M,1.484,20
279,F,0.712,11
280,F,0.8415,15
281,I,0.2415,7
282,F,0.4495,9
283,M,0.6295,14
284,M,0.9565,14
285,F,0.879,10
286,M,0.699,10
287,F,0.6445,17
288,M,0.4775,9
289,F,0.8105,10
290,M,0.996,17
291,F,1.2765,12
292,M,1.116,15
293,F,1.013,19
294,M,1.0575,26
295,I,0.128,6
296,I,0.1105,6
297,I,0.1065,4
298,M,0.549,11
299,M,0.234,9
300,F,0.3485,9
301,F,0.892,13
302,M,0.252,8
303,M,0.217,6
304,F,0.472,10
305,I,0.037,4
306,I,0.0215,3
307,M,1.5415,13
308,M,0.7605,14
309,M,0.9055,10
310,F,1.2435,21
311,M,0.971,14
312,M,1.3305,19
313,F,1.2255,23
314,M,1.3,23
315,I,0.4585,8
316,F,1.242,14
317,M,0.3675,10
318,F,0.8365,18
319,I,0.172,6
320,I,0.0965,5
321,I,0.038,4
322,M,0.2845,11
323,I,0.1055,5
324,M,0.222,7
325,I,0.251,7
326,I,0.1755,7
327,M,0.6435,12
328,M,0.241,8
329,I,0.2255,8
330,M,0.5955,12
331,F,0.3185,8
332,I,0.121,5
333,I,0.0705,5
334,F,1.974,16
335,M,1.3415,11
336,M,1.0875,14
337,M,1.283,16
338,M,1.325,13
339,F,1.0035,15
340,M,1.165,14
341,F,1.3475,14
342,M,1.274,12
343,F,0.568,12
344,F,0.746,8
345,M,0.707,13
346,F,0.756,9
347,I,0.2,6
348,I,0.2715,8
349,M,1.2,14
350,F,1.153,8
351,F,0.8685,22
352,M,0.9535,12
353,M,0.93,9
354,M,1.275,16
355,M,2.13,20
356,M,1.587,13
357,F,1.8085,18
358,M,2.499,17
359,F,1.768,16
360,M,1.227,18
361,F,0.997,12
362,F,1.4225,20
363,F,1.029,16
364,F,1.186,12
365,M,1.016,19
366,M,0.887,11
367,F,1.0735,10
368,M,1.13,12
369,F,1.719,17
370,F,1.566,16
371,F,1.7605,16
372,F,1.787,19
373,F,1.31,14
374,M,1.343,13
375,F,1.7345,20
376,M,1.1775,11
377,F,1.077,10
378,M,0.995,15
379,F,1.1085,12
380,M,1.1405,15
381,M,0.791,10
382,M,0.663,10
383,M,0.5565,12
384,M,0.8445,10
385,F,0.4925,9
386,M,0.7385,12
387,M,0.482,10
388,M,0.609,14
389,I,0.471,9
390,I,0.3215,10
391,M,0.593,10
392,F,0.5615,10
393,I,0.25,9
394,I,0.1995,6
395,I,0.302,11
396,F,0.7155,10
397,M,0.5865,8
398,M,0.6765,12
399,M,0.987,11
400,F,0.5885,9
401,M,0.7225,9
402,F,0.4335,7
403,F,0.6935,10
404,I,0.365,7
405,F,0.8425,12
406,M,0.479,8
407,M,0.911,16
408,M,0.915,11
409,M,0.827,8
410,M,1.1045,15
411,M,0.945,14
412,F,0.9935,11
413,M,0.8565,12
414,F,1.2385,14
415,F,1.0325,15
416,F,1.3135,20
417,M,1.352,20
418,F,1.005,16
419,M,0.625,13
420,F,1.5015,14
421,I,0.529,11
422,F,0.5785,13
423,I,0.101,8
424,I,0.092,6
425,M,1.068,13
426,F,1.0915,18
427,M,1.015,19
428,F,0.943,21
429,F,1.0475,18
430,F,0.9555,18
431,M,1.036,20
432,M,0.9065,18
433,M,0.7505,22
434,I,0.366,13
435,M,0.662,11
436,I,0.217,7
437,I,0.252,14
438,M,0.3055,9
439,M,0.6885,13
440,I,0.2335,10
441,I,0.192,8
442,F,0.85,19
443,I,0.2715,10
444,F,0.3635,10
445,F,0.714,9
446,M,0.9815,13
447,M,0.9265,16
448,M,1.098,12
449,F,0.8205,18
450,M,1.891,16
451,F,1.41,16
452,F,1.4385,17
453,F,0.9245,11
454,F,1.2915,14
455,M,0.8375,11
456,F,1.221,15
457,I,0.199,9
458,I,0.2965,10
459,F,0.7085,11
460,M,0.2665,11
461,F,0.9915,12
462,I,0.0715,6
463,I,0.0545,5
464,I,0.0735,6
465,I,0.0235,5
466,F,1.3905,12
467,M,1.388,13
468,F,1.7445,17
469,M,1.4385,21
470,F,0.7835,9
471,F,0.646,10
472,I,0.3575,9
473,F,0.627,11
474,F,0.7715,10
475,M,0.7395,17
476,F,0.421,9
477,M,1.347,17
478,M,1.756,21
479,M,1.32,16
480,F,1.8075,29
481,M,0.9325,17
482,M,0.849,15
483,F,0.9955,19
484,M,1.0115,12
485,F,0.908,13
486,M,0.92,11
487,F,1.2415,15
488,M,0.8075,11
489,F,1.0595,14
490,M,1.073,14
491,M,0.921,13
492,F,1.2895,11
493,M,1.2635,15
494,M,1.369,17
495,F,0.953,15
496,F,1.248,12
497,F,1.0105,19
498,F,1.0385,11
499,M,0.874,10
500,F,0.854,12
501,F,1.1835,23
502,F,1.115,15
503,F,1.129,13
504,F,1.1745,17
505,M,1.105,15
506,M,0.8395,12
507,M,1.055,15
508,M,0.889,11
509,I,0.8735,16
510,I,1.1095,10
511,F,0.5185,10
512,F,0.6725,10
513,M,0.146,6
514,F,0.08,5
515,M,0.1,6
516,M,0.2795,9
517,M,0.0915,5
518,M,0.147,4
519,F,0.203,6
520,M,0.0385,3
521,F,0.1885,5
522,I,0.218,9
523,M,0.035,5
524,M,0.0545,4
525,M,0.024,4
526,M,0.0155,3
527,F,0.733,14
528,F,0.9715,12
529,M,0.24,9
530,I,0.752,20
531,F,0.458,13
532,I,0.4705,12
533,F,0.38,9
534,I,0.4985,10
535,I,0.454,11
536,I,0.5775,11
537,M,0.1165,7
538,M,0.094,5
539,F,0.2705,10
540,F,0.604,15
541,F,0.415,11
542,M,0.2885,15
543,M,0.3615,8
544,F,0.257,10
545,M,0.1555,11
546,M,0.08,8
547,M,0.0425,7
548,F,0.795,12
549,I,0.875,11
550,I,1.1625,17
551,I,0.9885,13
552,I,0.8,12
553,I,0.514,13
554,I,0.591,9
555,I,0.6265,10
556,I,0.795,14
557,F,1.1905,12
558,F,1.326,13
559,I,0.66,13
560,F,0.364,8
561,I,0.659,13
562,F,0.452,11
563,F,0.7335,11
564,F,0.5465,14
565,M,0.179,10
566,I,0.581,12
567,I,0.406,12
568,M,0.1085,7
569,F,0.387,11
570,I,0.474,16
571,I,0.443,14
572,F,1.066,20
573,F,0.9535,17
574,I,0.9665,10
575,F,1.133,11
576,I,0.9175,10
577,F,0.982,10
578,I,0.8865,11
579,F,1.3675,17
580,F,1.233,11
581,I,0.806,14
582,F,1.4635,19
583,I,0.4935,13
584,F,0.363,11
585,I,0.6655,11
586,I,0.6805,10
587,F,0.8285,13
588,M,0.4625,14
589,F,0.3095,13
590,I,0.745,13
591,F,0.25,9
592,I,0.874,18
593,F,1.514,19
594,M,0.6995,12
595,I,0.8525,13
596,F,0.7135,9
597,I,0.939,13
598,I,1.054,12
599,F,0.981,16
600,I,0.926,17
601,F,0.286,10
602,F,0.265,13
603,I,0.4885,11
604,I,0.5555,12
605,I,0.425,13
606,M,0.195,9
607,I,0.458,10
608,M,0.228,10
609,M,0.1775,12
610,F,0.4085,12
611,M,0.032,4
612,M,0.155,9
613,I,0.4775,18
614,I,0.525,15
615,M,0.3865,13
616,F,0.433,12
617,M,0.17,7
618,M,0.1295,9
619,M,0.0515,7
620,M,0.169,10
621,I,0.673,18
622,F,0.6785,12
623,F,0.498,17
624,I,0.498,15
625,F,0.658,12
626,F,0.322,10
627,F,0.2815,8
628,I,0.944,21
629,M,0.1835,10
630,I,0.49,9
631,F,0.391,7
632,M,0.467,10
633,I,0.5225,9
634,M,0.2105,9
635,M,0.168,8
636,M,0.258,7
637,M,0.1905,6
638,I,0.487,14
639,F,0.5735,13
640,M,0.173,7
641,I,1.1785,13
642,F,0.9,19
643,M,0.1875,7
644,M,0.3715,9
645,I,0.347,11
646,M,0.1145,6
647,M,0.777,9
648,I,0.4885,11
649,F,0.447,9
650,M,0.079,5
651,I,0.1665,6
652,I,0.466,11
653,M,0.1345,7
654,F,0.2305,10
655,M,0.129,7
656,F,0.97,17
657,F,1.14,16
658,I,1.3165,18
659,F,0.9585,11
660,I,1.626,18
661,I,0.781,11
662,F,0.3675,10
663,F,0.281,12
664,I,0.412,19
665,F,0.2245,10
666,M,0.4835,11
667,F,0.605,15
668,M,0.9175,13
669,F,0.5425,13
670,M,0.6175,14
671,F,0.655,17
672,F,0.8115,19
673,M,0.573,21
674,F,0.7865,23
675,F,0.64,22
676,M,0.74,12
677,F,0.5945,11
678,F,0.8165,23
679,F,0.2225,8
680,I,0.2295,7
681,M,0.5725,10
682,F,0.3915,7
683,M,0.8345,16
684,M,0.6515,10
685,M,0.909,15
686,F,0.8045,13
687,F,0.927,16
688,M,0.7305,11
689,M,0.9555,11
690,M,0.636,10
691,I,0.0865,5
692,F,0.3865,11
693,M,0.283,9
694,I,0.019,4
695,I,0.1285,7
696,I,0.0175,4
697,M,0.1165,5
698,F,0.444,13
699,F,0.3515,16
700,M,0.2905,12
701,F,0.536,14
702,F,0.4525,9
703,M,0.316,12
704,M,0.417,9
705,M,0.417,10
706,M,0.203,11
707,F,0.207,10
708,M,0.2765,10
709,I,0.1105,7
710,I,0.176,7
711,M,0.2465,11
712,I,0.1135,7
713,M,0.201,8
714,M,0.1915,9
715,I,0.1035,7
716,I,0.0975,8
717,I,0.0765,6
718,I,0.0265,4
719,I,0.015,2
720,I,0.018,3
721,M,1.0575,13
722,M,1.092,15
723,M,0.99,15
724,M,0.488,11
725,F,0.5005,17
726,M,0.297,10
727,F,0.525,12
728,M,0.77,13
729,F,0.6515,15
730,M,0.8295,11
731,M,0.879,13
732,M,0.823,15
733,M,0.656,13
734,M,0.8665,18
735,M,0.6565,10
736,M,0.669,12
737,F,0.6435,12
738,M,0.862,14
739,M,0.3795,10
740,M,0.835,14
741,F,0.2065,8
742,F,0.7365,14
743,F,0.8175,17
744,M,0.8425,20
745,F,1.001,17
746,F,1.676,17
747,M,0.6595,9
748,M,0.8055,14
749,M,1.5165,15
750,F,0.612,13
751,M,0.547,10
752,F,1.122,13
753,F,1.1365,13
754,M,1.4805,20
755,M,1.5275,13
756,M,1.1375,20
757,F,1.437,15
758,M,1.116,13
759,M,1.0615,15
760,M,1.2565,15
761,F,0.946,16
762,F,0.959,17
763,M,1.613,14
764,F,1.153,14
765,M,0.978,11
766,F,1.1325,13
767,M,0.197,9
768,F,0.785,11
769,F,0.949,17
770,F,0.9805,11
771,I,0.521,8
772,M,0.2685,8
773,M,0.462,9
774,M,0.7605,10
775,M,0.732,11
776,M,0.6775,15
777,M,0.6385,13
778,M,0.5755,15
779,F,0.537,15
780,M,0.93,13
781,M,0.6415,12
782,M,0.8815,10
783,I,0.244,6
784,I,0.0525,5
785,M,1.042,15
786,F,0.5755,9
787,M,0.709,12
788,F,0.644,9
789,F,0.8875,12
790,F,0.8935,10
791,F,0.556,10
792,M,0.51,9
793,M,0.9215,12
794,M,1.0345,12
795,M,0.695,15
796,M,0.7155,11
797,M,0.394,9
798,M,0.745,11
799,F,0.3665,11
800,M,0.495,10
801,M,0.349,10
802,M,0.4405,9
803,I,0.22,7
804,M,0.6615,10
805,M,0.3185,7
806,I,0.1015,6
807,F,0.759,15
808,F,0.4195,10
809,F,0.807,12
810,M,0.875,12
811,F,0.6835,21
812,I,0.067,6
813,I,0.088,5
814,I,0.1715,7
815,I,0.1735,7
816,I,0.183,6
817,I,0.2055,6
818,I,0.18,6
819,I,0.27,7
820,I,0.24,7
821,I,0.2215,6
822,I,0.1375,7
823,I,0.312,6
824,I,0.2895,7
825,I,0.319,7
826,I,0.304,6
827,I,0.306,6
828,I,0.394,6
829,I,0.3735,7
830,M,0.325,6
831,I,0.398,6
832,I,0.501,9
833,I,0.4895,7
834,I,0.378,7
835,I,0.547,8
836,M,0.5805,8
837,I,0.5465,9
838,F,0.6395,8
839,I,0.498,9
840,M,0.609,8
841,F,0.7555,9
842,M,0.5975,9
843,M,0.8275,8
844,M,0.7635,8
845,M,0.891,9
846,F,0.805,11
847,F,0.9185,10
848,F,0.923,8
849,M,1.0145,10
850,F,0.875,10
851,M,0.9685,9
852,M,1.0595,10
853,M,0.952,9
854,M,0.7535,10
855,F,0.958,9
856,M,1.077,9
857,M,1.102,12
858,F,1.11,10
859,F,1.2095,8
860,F,1.1405,6
861,F,1.113,12
862,M,1.3445,11
863,F,1.21,10
864,M,1.29,11
865,F,1.382,10
866,M,1.1035,9
867,F,1.377,12
868,F,1.3435,10
869,M,1.296,9
870,M,1.34,12
871,F,1.3725,11
872,M,1.307,9
873,F,1.2085,11
874,F,1.3825,11
875,M,1.26,14
876,M,1.3555,9
877,F,1.376,10
878,F,1.2945,9
879,F,1.486,8
880,M,1.4715,11
881,M,1.4095,9
882,M,2.0805,17
883,M,1.3905,15
884,M,1.558,10
885,F,1.309,10
886,F,1.8095,12
887,F,1.4785,9
888,F,1.7775,11
889,F,1.6675,11
890,F,1.834,11
891,M,2.8255,17
892,I,0.046,6
893,I,0.0705,5
894,I,0.0665,3
895,I,0.083,6
896,I,0.083,4
897,I,0.092,6
898,I,0.117,4
899,I,0.1625,5
900,I,0.131,4
901,I,0.1385,6
902,I,0.141,5
903,I,0.1485,6
904,I,0.144,8
905,I,0.1575,5
906,I,0.187,6
907,I,0.196,6
908,I,0.1825,7
909,I,0.186,7
910,I,0.1785,5
911,I,0.2225,7
912,I,0.2455,7
913,I,0.249,6
914,I,0.2865,7
915,I,0.215,6
916,I,0.251,6
917,I,0.339,7
918,I,0.3535,7
919,I,0.3335,6
920,I,0.3595,6
921,I,0.376,5
922,I,0.3435,6
923,I,0.382,6
924,I,0.377,6
925,I,0.3645,7
926,I,0.425,7
927,I,0.3995,8
928,I,0.3925,6
929,I,0.4495,6
930,I,0.35,7
931,F,0.4355,6
932,I,0.4195,7
933,I,0.478,7
934,I,0.4445,8
935,I,0.47,7
936,I,0.447,7
937,I,0.5325,7
938,I,0.497,6
939,I,0.4635,7
940,I,0.449,7
941,I,0.467,7
942,I,0.534,7
943,I,0.4415,7
944,F,0.482,6
945,M,0.612,8
946,F,0.582,8
947,M,0.537,9
948,F,0.5915,6
949,M,0.6765,6
950,M,0.64,6
951,M,0.439,8
952,M,0.6015,7
953,F,0.4785,7
954,M,0.649,8
955,M,0.6335,8
956,M,0.61,7
957,M,0.6595,6
958,I,0.56,8
959,M,0.6425,7
960,M,0.6725,7
961,F,0.674,9
962,I,0.685,8
963,M,0.642,9
964,I,0.601,8
965,M,0.769,8
966,I,0.5785,7
967,I,0.769,7
968,M,0.7035,8
969,M,0.796,8
970,F,0.834,8
971,M,0.7125,7
972,F,0.724,8
973,M,0.7325,11
974,F,0.7585,8
975,F,0.8495,8
976,M,0.6515,7
977,F,0.8215,8
978,M,0.7165,8
979,M,0.874,8
980,F,0.9905,9
981,F,0.8105,9
982,F,0.967,9
983,F,0.6975,8
984,M,1.195,10
985,M,1.1935,10
986,F,1.107,8
987,M,1.0635,8
988,M,0.9035,7
989,M,1.114,9
990,F,1.103,9
991,F,1.1155,7
992,F,1.0515,8
993,M,1.012,10
994,F,1.137,8
995,M,1.1335,9
996,M,1.136,11
997,M,1.206,8
998,F,1.063,8
999,F,1.121,11
1000,F,1.114,11
1001,M,1.213,9
1002,F,1.0045,9
1003,M,1.044,9
1004,F,1.1345,9
1005,M,1.161,9
1006,M,1.2315,11
1007,M,1.1625,11
1008,M,1.168,10
1009,F,1.2525,8
1010,F,1.3315,11
1011,F,1.3525,10
1012,M,1.3325,10
1013,F,1.1435,10
1014,F,1.288,9
1015,F,1.38,9
1016,M,1.278,8
1017,F,1.3075,11
1018,M,1.1785,8
1019,M,1.375,11
1020,M,1.4065,10
1021,M,1.4025,10
1022,F,1.5175,11
1023,F,1.394,10
1024,F,1.2205,10
1025,M,1.636,11
1026,M,1.561,8
1027,F,1.4325,8
1028,M,1.3385,11
1029,F,1.2465,10
1030,F,1.212,10
1031,M,1.304,9
1032,M,1.6785,11
1033,M,1.622,10
1034,F,1.494,9
1035,F,1.6525,10
1036,F,1.528,11
1037,M,1.5905,9
1038,M,1.6275,10
1039,F,1.3695,6
1040,M,1.6085,11
1041,F,1.587,10
1042,F,1.8375,12
1043,M,1.607,12
1044,M,1.7005,8
1045,M,1.872,10
1046,F,1.8385,10
1047,F,1.685,12
1048,M,2.198,11
1049,M,1.9525,10
1050,F,1.56,11
1051,F,2.555,11
1052,M,2.302,12
1053,I,0.029,4
1054,I,0.0375,3
1055,I,0.0325,4
1056,I,0.0435,4
1057,I,0.059,4
1058,I,0.071,4
1059,I,0.0685,5
1060,I,0.084,7
1061,I,0.106,6
1062,I,0.1075,5
1063,I,0.096,5
1064,I,0.1255,6
1065,I,0.151,6
1066,I,0.1415,6
1067,I,0.2015,5
1068,I,0.221,6
1069,I,0.2345,6
1070,I,0.2325,6
1071,I,0.2485,7
1072,I,0.348,6
1073,I,0.32,7
1074,I,0.282,7
1075,I,0.3245,6
1076,I,0.316,7
1077,I,0.3625,7
1078,I,0.279,6
1079,I,0.3685,7
1080,M,0.397,7
1081,I,0.413,6
1082,I,0.418,7
1083,I,0.3705,7
1084,I,0.409,7
1085,I,0.434,7
1086,I,0.411,8
1087,I,0.462,8
1088,I,0.4925,6
1089,I,0.3715,7
1090,I,0.411,6
1091,I,0.3685,6
1092,I,0.4155,7
1093,M,0.544,7
1094,I,0.4845,6
1095,I,0.4565,6
1096,I,0.4545,7
1097,I,0.6245,8
1098,M,0.5225,7
1099,I,0.5495,7
1100,I,0.542,9
1101,I,0.519,8
1102,M,0.5215,6
1103,F,0.5445,7
1104,I,0.6795,8
1105,F,0.545,6
1106,I,0.5575,9
1107,I,0.5155,8
1108,I,0.6115,8
1109,M,0.7765,9
1110,I,0.5395,8
1111,I,0.5545,8
1112,F,1.019,7
1113,I,0.6455,8
1114,I,0.601,9
1115,M,0.7555,9
1116,I,0.608,8
1117,I,0.617,8
1118,I,0.599,9
1119,I,0.6665,10
1120,M,0.7835,7
1121,M,0.793,9
1122,M,0.82,9
1123,F,0.8145,8
1124,F,0.84,8
1125,M,0.8315,10
1126,M,0.8995,9
1127,M,0.8965,8
1128,F,0.6405,8
1129,M,0.852,8
1130,M,0.9595,9
1131,M,0.99,8
1132,F,1.0095,9
1133,M,1.0375,9
1134,F,0.8775,8
1135,I,0.755,8
1136,F,0.9945,7
1137,F,1.068,10
1138,M,0.8455,9
1139,F,0.869,9
1140,M,0.907,9
1141,I,0.805,10
1142,M,1.0225,9
1143,M,0.847,9
1144,M,1.114,8
1145,M,1.859,9
1146,M,0.814,9
1147,M,0.9615,9
1148,M,1.0025,8
1149,F,0.93,9
1150,M,0.9335,9
1151,M,0.9555,7
1152,M,0.9955,8
1153,F,1.0265,9
1154,M,1.1915,8
1155,F,1.1025,8
1156,M,1.0165,10
1157,F,1.1775,9
1158,M,1.1175,9
1159,M,1.1835,10
1160,F,1.056,9
1161,M,1.0145,8
1162,M,1.3305,9
1163,M,1.052,9
1164,M,1.0565,10
1165,F,0.923,9
1166,F,1.027,9
1167,M,1.0195,8
1168,M,0.858,8
1169,F,1.1125,8
1170,F,1.3745,9
1171,M,1.2065,8
1172,M,1.1325,8
1173,M,1.2645,10
1174,F,1.1565,9
1175,M,1.369,10
1176,M,1.39,10
1177,F,1.1345,10
1178,F,1.464,9
1179,M,1.202,11
1180,M,1.31,11
1181,F,1.415,10
1182,F,1.346,11
1183,M,1.363,8
1184,I,1.2975,9
1185,F,1.3645,9
1186,F,1.7025,14
1187,M,1.519,10
1188,F,1.454,9
1189,M,1.583,12
1190,F,1.5535,9
1191,M,1.74,10
1192,M,1.751,9
1193,M,2.273,12
1194,F,1.6465,9
1195,F,1.219,9
1196,F,1.652,11
1197,M,2.0045,12
1198,M,1.6755,10
1199,F,2.103,10
1200,F,1.9965,10
1201,M,1.187,8
1202,M,1.978,12
1203,F,1.8795,12
1204,M,2.124,11
1205,M,1.931,11
1206,F,2.236,11
1207,F,2.505,11
1208,M,2.0065,10
1209,F,2.657,11
1210,I,0.4645,6
1211,I,0.0765,4
1212,I,0.0685,5
1213,I,0.0835,5
1214,I,0.1125,6
1215,I,0.1075,5
1216,I,0.1055,5
1217,I,0.1375,5
1218,I,0.1145,5
1219,I,0.139,6
1220,I,0.2085,7
1221,I,0.1595,5
1222,I,0.2015,7
1223,I,0.179,6
1224,I,0.1945,6
1225,I,0.2005,5
1226,I,0.215,6
1227,I,0.1785,8
1228,I,0.196,4
1229,I,0.1875,6
1230,I,0.196,7
1231,I,0.213,7
1232,I,0.2445,7
1233,I,0.217,6
1234,I,0.213,5
1235,I,0.2385,7
1236,I,0.218,6
1237,I,0.2465,6
1238,I,0.2025,8
1239,I,0.218,7
1240,I,0.256,6
1241,I,0.2105,8
1242,I,0.2615,9
1243,I,0.2175,8
1244,I,0.302,7
1245,I,0.228,5
1246,I,0.3265,7
1247,I,0.284,8
1248,I,0.2725,8
1249,I,0.2985,5
1250,I,0.2675,5
1251,I,0.2645,6
1252,I,0.33,7
1253,I,0.328,6
1254,I,0.3335,7
1255,I,0.3055,7
1256,I,0.301,7
1257,I,0.428,8
1258,I,0.378,8
1259,I,0.3685,7
1260,I,0.438,9
1261,I,0.448,9
1262,I,0.4005,8
1263,F,0.4305,8
1264,I,0.372,8
1265,I,0.466,7
1266,I,0.3705,9
1267,F,0.4785,8
1268,I,0.346,11
1269,I,0.411,8
1270,I,0.48,8
1271,I,0.393,8
1272,I,0.5035,8
1273,I,0.441,8
1274,I,0.492,8
1275,I,0.5435,9
1276,I,0.4725,8
1277,I,0.461,8
1278,I,0.4965,8
1279,I,0.5125,7
1280,M,0.553,8
1281,I,0.594,9
1282,M,0.6765,9
1283,I,0.5795,9
1284,I,0.6615,9
1285,I,0.5695,7
1286,I,0.6215,9
1287,I,0.6015,8
1288,I,0.594,7
1289,I,0.551,8
1290,I,0.625,7
1291,I,0.711,13
1292,I,0.6965,9
1293,I,0.5825,10
1294,I,0.663,9
1295,I,0.6965,9
1296,M,0.842,9
1297,I,0.694,9
1298,I,0.81,10
1299,I,0.5745,9
1300,I,0.7675,9
1301,I,0.6025,9
1302,I,0.5765,8
1303,F,0.7145,9
1304,M,0.717,9
1305,F,0.8655,10
1306,I,0.7265,9
1307,I,0.7715,8
1308,F,0.8,9
1309,I,0.7285,10
1310,I,0.5945,8
1311,I,0.7895,11
1312,F,0.651,9
1313,M,0.8745,9
1314,I,0.7535,10
1315,I,0.7305,9
1316,M,0.8705,9
1317,I,0.7395,10
1318,I,0.7665,9
1319,I,0.7905,9
1320,I,0.8205,9
1321,I,0.688,9
1322,F,1.224,10
1323,I,0.974,9
1324,I,0.8735,11
1325,F,0.8495,8
1326,M,0.796,8
1327,M,0.744,11
1328,I,0.751,10
1329,I,0.794,8
1330,F,0.9795,9
1331,M,0.873,10
1332,I,0.7665,10
1333,M,0.8965,9
1334,F,0.857,10
1335,F,1.078,9
1336,M,0.892,10
1337,M,1.4395,10
1338,M,0.7955,10
1339,F,0.858,8
1340,M,0.9145,9
1341,M,1.171,10
1342,I,1.0505,10
1343,M,1.1135,10
1344,M,1.409,10
1345,M,1.065,10
1346,M,0.7995,8
1347,I,0.7715,9
1348,M,1.187,9
1349,M,0.8855,10
1350,F,0.98,10
1351,F,1.026,12
1352,M,1.1315,10
1353,M,1.014,11
1354,I,1.12,10
1355,F,1.04,11
1356,F,0.8895,10
1357,M,0.9595,11
1358,I,1.238,11
1359,M,0.9755,10
1360,I,0.9025,11
1361,F,1.076,9
1362,F,1.0835,12
1363,M,0.871,10
1364,M,1.244,12
1365,M,1.0265,10
1366,I,0.9605,9
1367,M,1.137,10
1368,M,1.0,10
1369,F,1.004,10
1370,M,1.128,10
1371,M,1.054,10
1372,F,1.023,12
1373,M,1.129,10
1374,M,1.118,9
1375,F,1.115,10
1376,M,1.2815,10
1377,M,1.2555,12
1378,F,1.293,10
1379,F,1.1295,10
1380,M,1.082,9
1381,F,1.15,11
1382,F,1.264,9
1383,F,1.2035,12
1384,F,1.3205,9
1385,I,1.272,11
1386,M,1.062,12
1387,I,1.0605,10
1388,M,1.093,12
1389,M,1.101,10
1390,F,1.4595,9
1391,F,1.211,9
1392,M,1.1935,10
1393,M,0.986,10
1394,M,1.521,15
1395,M,1.3135,10
1396,M,1.1835,11
1397,M,1.401,10
1398,M,1.5075,11
1399,F,1.16,11
1400,F,1.662,11
1401,M,1.5365,11
1402,M,1.542,9
1403,F,1.567,10
1404,F,1.3595,10
1405,M,1.6445,13
1406,F,1.4545,10
1407,M,1.3585,10
1408,F,1.548,10
1409,F,1.337,10
1410,F,1.491,10
1411,F,1.5615,11
1412,F,1.0145,10
1413,M,1.7375,13
1414,M,1.7925,9
1415,F,1.7635,11
1416,F,1.556,12
1417,M,2.21,10
1418,M,2.141,11
1419,F,1.5345,12
1420,F,1.614,11
1421,F,1.9335,13
1422,M,2.173,12
1423,F,1.737,11
1424,F,1.7375,11
1425,F,2.1275,12
1426,F,2.25,9
1427,F,2.5085,14
1428,F,2.255,14
1429,I,0.014,3
1430,I,0.0515,4
1431,I,0.2215,7
1432,I,0.1985,5
1433,I,0.232,6
1434,I,0.3155,7
1435,I,0.247,5
1436,I,0.3025,5
1437,I,0.329,6
1438,I,0.2815,7
1439,I,0.3425,8
1440,I,0.2825,7
1441,I,0.304,6
1442,I,0.2905,5
1443,M,0.3895,9
1444,I,0.389,6
1445,I,0.4405,6
1446,I,0.369,5
1447,M,0.4565,8
1448,I,0.4465,9
1449,M,0.4475,6
1450,I,0.501,7
1451,I,0.436,8
1452,I,0.4615,9
1453,I,0.4315,6
1454,I,0.3685,6
1455,M,0.649,8
1456,I,0.459,7
1457,F,0.566,7
1458,I,0.542,7
1459,I,0.4725,6
1460,M,0.6435,8
1461,M,0.526,6
1462,F,0.573,7
1463,M,0.5525,9
1464,F,0.6855,9
1465,I,0.556,8
1466,M,0.9365,8
1467,I,0.5625,7
1468,M,0.559,8
1469,M,0.7205,8
1470,I,0.7045,9
1471,M,0.7575,8
1472,F,0.7405,9
1473,F,0.84,8
1474,M,0.793,9
1475,F,0.8745,8
1476,F,0.8715,9
1477,M,0.9875,8
1478,M,1.08,9
1479,M,0.9155,8
1480,F,1.165,9
1481,F,0.953,9
1482,M,0.906,8
1483,M,0.8725,8
1484,F,1.151,9
1485,F,0.9905,8
1486,F,1.04,9
1487,M,0.945,8
1488,M,1.259,9
1489,F,0.9515,11
1490,F,1.201,9
1491,F,1.289,9
1492,F,1.1005,11
1493,I,0.8425,8
1494,M,1.049,10
1495,F,1.012,8
1496,M,1.0725,9
1497,M,1.4105,10
1498,M,1.136,11
1499,M,1.1005,9
1500,F,1.1105,10
1501,M,1.1315,9
1502,M,1.271,11
1503,F,1.336,10
1504,F,1.1345,10
1505,M,1.308,8
1506,F,1.5335,9
1507,F,1.546,10
1508,M,1.539,11
1509,F,1.318,11
1510,F,1.5245,10
1511,M,1.466,10
1512,F,1.3825,9
1513,M,1.175,8
1514,F,1.5555,11
1515,M,1.7835,11
1516,M,1.374,10
1517,F,1.389,10
1518,M,1.7025,11
1519,M,1.5265,10
1520,M,1.519,10
1521,F,1.741,12
1522,M,1.6115,11
1523,M,1.7825,12
1524,F,1.684,11
1525,M,1.858,11
1526,M,1.675,10
1527,M,2.1055,12
1528,M,2.21,13
1529,M,1.8725,10
1530,M,1.893,11
1531,I,0.0475,5
1532,I,0.101,5
1533,I,0.121,6
1534,I,0.117,6
1535,I,0.1465,6
1536,I,0.168,5
1537,I,0.18,5
1538,I,0.1775,6
1539,I,0.1985,7
1540,I,0.2,8
1541,I,0.2205,7
1542,I,0.1845,7
1543,I,0.2225,7
1544,I,0.2175,6
1545,I,0.2165,7
1546,I,0.243,7
1547,I,0.237,6
1548,I,0.2365,8
1549,I,0.257,7
1550,I,0.308,8
1551,I,0.252,7
1552,I,0.281,7
1553,I,0.2225,7
1554,I,0.304,8
1555,I,0.28,8
1556,I,0.313,7
1557,I,0.317,8
1558,I,0.303,7
1559,I,0.3295,7
1560,I,0.367,6
1561,I,0.3245,8
1562,I,0.4195,7
1563,I,0.457,10
1564,I,0.4,7
1565,I,0.4255,7
1566,I,0.4365,9
1567,I,0.393,8
1568,I,0.499,8
1569,I,0.6325,8
1570,M,0.4285,7
1571,I,0.4905,8
1572,I,0.474,9
1573,I,0.536,8
1574,M,0.464,8
1575,I,0.6025,7
1576,I,0.4615,8
1577,I,0.624,8
1578,I,0.4715,8
1579,I,0.602,8
1580,I,0.616,8
1581,I,0.5955,8
1582,I,0.559,9
1583,I,0.6025,7
1584,F,0.6065,6
1585,I,0.4725,9
1586,I,0.4745,10
1587,I,0.6635,8
1588,I,0.5705,8
1589,I,0.646,9
1590,I,0.5545,7
1591,M,0.845,8
1592,I,0.664,9
1593,I,0.615,8
1594,I,0.654,7
1595,M,0.707,9
1596,I,0.5965,7
1597,I,0.6255,10
1598,I,0.555,9
1599,I,0.8365,11
1600,I,0.657,7
1601,I,0.836,9
1602,I,0.742,9
1603,I,0.8195,9
1604,M,0.972,10
1605,I,0.6275,9
1606,I,0.7205,10
1607,I,0.686,8
1608,I,0.686,9
1609,I,0.543,8
1610,I,0.717,8
1611,M,0.7625,10
1612,I,0.639,9
1613,I,0.816,12
1614,I,0.7815,8
1615,I,0.7665,8
1616,I,0.5585,9
1617,I,0.765,8
1618,I,0.9005,11
1619,I,0.8225,10
1620,I,0.7235,8
1621,M,0.849,10
1622,I,0.743,9
1623,F,0.863,9
1624,M,0.802,9
1625,M,0.831,10
1626,F,0.7805,8
1627,M,0.795,9
1628,I,0.848,9
1629,I,0.833,10
1630,I,0.867,9
1631,I,0.7405,12
1632,M,0.867,8
1633,I,0.7965,10
1634,F,1.116,10
1635,I,0.78,9
1636,M,0.985,10
1637,F,0.9965,8
1638,I,0.8015,9
1639,I,0.807,10
1640,F,1.0305,8
1641,M,0.839,9
1642,M,0.9615,13
1643,F,0.834,8
1644,M,1.0335,10
1645,M,0.798,10
1646,I,0.7095,9
1647,F,0.913,10
1648,M,1.207,10
1649,I,1.022,10
1650,I,0.9015,11
1651,F,0.9,8
1652,M,0.838,10
1653,M,0.959,10
1654,I,0.8335,8
1655,F,0.9735,8
1656,F,1.13,9
1657,M,0.9165,9
1658,I,0.9175,8
1659,F,1.0645,10
1660,M,1.059,9
1661,M,1.194,10
1662,F,0.9775,9
1663,M,0.884,8
1664,I,0.8025,9
1665,F,0.991,8
1666,F,0.974,9
1667,F,1.434,11
1668,M,0.983,10
1669,F,1.0725,10
1670,F,1.2405,12
1671,M,1.022,9
1672,F,1.1155,10
1673,I,0.9225,9
1674,M,1.1185,9
1675,F,1.2795,7
1676,M,1.0175,10
1677,M,1.224,9
1678,I,1.154,12
1679,F,1.3255,12
1680,M,1.221,13
1681,F,1.139,11
1682,I,1.066,11
1683,F,1.2215,12
1684,I,0.8565,9
1685,I,0.924,10
1686,M,1.266,12
1687,F,1.0405,9
1688,M,1.1165,11
1689,M,1.0845,10
1690,M,1.0985,9
1691,I,1.1955,12
1692,F,1.362,10
1693,I,1.044,9
1694,M,1.0915,9
1695,F,1.1965,8
1696,M,1.1745,11
1697,M,1.233,10
1698,M,1.2695,11
1699,I,1.489,13
1700,M,1.4345,12
1701,F,1.2435,10
1702,F,1.2615,9
1703,F,1.2235,10
1704,M,1.247,10
1705,M,1.707,11
1706,M,1.1605,10
1707,M,1.286,12
1708,M,1.5595,14
1709,M,1.4745,9
1710,M,1.226,10
1711,M,1.33,9
1712,F,1.2415,9
1713,M,1.3375,10
1714,F,1.363,10
1715,M,1.2215,9
1716,F,1.371,12
1717,F,1.337,9
1718,M,1.274,11
1719,M,1.488,11
1720,M,1.3835,9
1721,M,1.274,10
1722,F,1.043,9
1723,F,1.3485,12
1724,F,1.4405,11
1725,M,1.3195,9
1726,F,1.5175,12
1727,M,1.5505,10
1728,M,1.6375,14
1729,M,1.443,11
1730,M,1.289,11
1731,F,1.2915,11
1732,M,1.3725,12
1733,M,1.2975,9
1734,M,1.2585,12
1735,M,1.39,11
1736,F,1.32,13
1737,F,1.566,10
1738,F,1.619,11
1739,M,1.2835,13
1740,F,1.382,10
1741,M,1.4535,10
1742,F,1.6075,11
1743,M,1.3735,11
1744,F,1.638,11
1745,F,1.569,12
1746,M,1.8565,10
1747,F,1.773,15
1748,F,1.58,11
1749,M,2.009,11
1750,F,1.9805,12
1751,F,1.5805,10
1752,M,2.015,11
1753,M,1.8275,10
1754,M,2.125,13
1755,F,1.445,7
1756,F,2.1425,14
1757,F,1.9425,11
1758,M,1.747,11
1759,F,2.119,12
1760,F,1.938,11
1761,M,2.2205,12
1762,M,2.5155,12
1763,M,2.7795,12
1764,I,0.2315,5
1765,I,0.394,6
1766,F,0.597,7
1767,M,0.564,7
1768,I,0.5965,8
1769,M,0.414,7
1770,I,0.422,6
1771,I,0.82,8
1772,I,0.434,8
1773,I,0.7615,10
1774,M,0.5795,7
1775,I,0.5205,8
1776,M,0.968,9
1777,I,0.869,9
1778,F,0.8795,8
1779,M,1.0615,9
1780,M,0.9225,9
1781,M,1.007,8
1782,M,0.9605,10
1783,M,0.65,7
1784,M,0.7545,8
1785,F,0.771,8
1786,I,1.0835,8
1787,I,0.8935,8
1788,F,1.358,10
1789,F,1.1185,9
1790,F,1.205,10
1791,M,1.3405,10
1792,M,1.02,9
1793,M,1.025,10
1794,I,0.8145,10
1795,F,1.48,10
1796,M,0.953,10
1797,I,0.8915,8
1798,M,1.3005,11
1799,M,1.038,9
1800,M,1.2525,9
1801,M,1.15,10
1802,F,1.1135,11
1803,F,1.1155,10
1804,M,1.0865,10
1805,M,1.254,9
1806,M,1.169,11
1807,M,1.172,11
1808,F,1.1845,10
1809,F,1.0725,8
1810,M,1.3815,9
1811,M,1.6125,11
1812,M,1.7395,10
1813,F,1.5475,9
1814,M,1.4245,10
1815,F,1.3405,11
1816,F,1.4465,10
1817,F,1.5845,9
1818,F,1.679,10
1819,M,1.726,11
1820,F,1.5395,13
1821,F,2.073,9
1822,M,1.5865,11
1823,M,2.069,11
1824,I,0.027,5
1825,I,0.0555,4
1826,I,0.1275,7
1827,I,0.1885,6
1828,I,0.2,7
1829,I,0.197,6
1830,I,0.223,7
1831,I,0.2215,6
1832,I,0.2665,8
1833,I,0.269,6
1834,I,0.2805,7
1835,I,0.3305,7
1836,I,0.2815,6
1837,I,0.2805,6
1838,I,0.311,8
1839,I,0.368,11
1840,I,0.3405,8
1841,I,0.3245,7
1842,I,0.38,7
1843,I,0.335,8
1844,I,0.3215,7
1845,I,0.358,8
1846,I,0.445,7
1847,I,0.487,8
1848,I,0.4535,9
1849,I,0.568,7
1850,I,0.5155,8
1851,I,0.457,9
1852,I,0.5095,8
1853,I,0.5,8
1854,I,0.494,8
1855,I,0.5605,9
1856,I,0.599,11
1857,I,0.7045,8
1858,F,0.7005,10
1859,I,0.7125,10
1860,I,0.6725,10
1861,M,0.5785,8
1862,I,0.5185,8
1863,I,0.6375,9
1864,I,0.5805,9
1865,I,0.6645,7
1866,I,0.581,10
1867,I,0.596,9
1868,I,0.6965,8
1869,I,0.6095,9
1870,I,0.677,8
1871,I,0.7245,9
1872,I,0.575,9
1873,I,0.632,9
1874,I,1.0015,9
1875,F,0.9455,9
1876,I,0.6555,9
1877,I,0.6255,8
1878,I,0.8145,10
1879,I,0.687,9
1880,I,0.7995,10
1881,I,0.804,6
1882,M,0.7495,8
1883,M,0.599,8
1884,M,0.7075,7
1885,I,0.738,9
1886,M,0.837,9
1887,I,0.832,9
1888,F,0.8305,11
1889,M,0.667,7
1890,M,0.9355,11
1891,I,0.8445,9
1892,M,0.895,9
1893,I,0.8715,10
1894,M,1.0005,11
1895,M,0.832,11
1896,M,0.9415,9
1897,M,0.88,13
1898,F,0.803,9
1899,M,0.785,9
1900,M,0.9765,9
1901,M,0.992,10
1902,M,1.013,11
1903,M,0.876,10
1904,F,1.099,9
1905,I,0.8715,10
1906,I,0.8245,11
1907,F,0.7955,9
1908,M,0.857,9
1909,F,0.8265,9
1910,F,0.925,10
1911,M,1.0465,10
1912,I,0.7905,10
1913,M,0.8295,9
1914,M,0.886,10
1915,F,0.97,11
1916,M,1.1805,11
1917,M,0.99,10
1918,F,1.133,11
1919,I,1.071,10
1920,F,0.862,9
1921,M,1.1155,10
1922,M,1.031,8
1923,F,1.1185,10
1924,F,0.957,8
1925,F,1.1785,11
1926,M,1.0285,11
1927,M,1.0875,9
1928,F,1.255,12
1929,M,1.219,10
1930,M,1.035,11
1931,M,1.195,9
1932,F,1.062,11
1933,M,1.5145,15
1934,M,1.309,9
1935,M,1.0295,12
1936,M,1.0485,11
1937,M,1.331,9
1938,M,1.1565,10
1939,F,1.09,11
1940,F,1.354,11
1941,F,0.984,11
1942,M,1.2525,9
1943,F,1.2695,11
1944,F,1.3405,11
1945,F,1.2895,11
1946,M,1.195,12
1947,M,1.273,12
1948,M,1.229,10
1949,M,1.1895,11
1950,F,1.1145,10
1951,F,1.3115,10
1952,I,1.1,10
1953,M,1.1285,9
1954,F,1.4195,11
1955,F,1.6195,12
1956,M,1.32,11
1957,F,1.5535,16
1958,I,1.238,10
1959,F,1.189,13
1960,F,1.375,10
1961,F,1.412,11
1962,F,1.348,10
1963,M,1.1445,9
1964,F,1.4415,10
1965,M,1.218,11
1966,F,1.2475,10
1967,M,1.2695,12
1968,M,1.429,12
1969,F,1.4015,12
1970,M,1.312,11
1971,F,1.473,11
1972,M,1.623,12
1973,M,1.534,10
1974,M,1.3845,10
1975,M,1.6915,11
1976,M,1.5715,13
1977,F,1.773,13
1978,M,1.4405,12
1979,M,1.6245,13
1980,F,1.866,10
1981,F,1.6705,12
1982,M,2.081,11
1983,F,1.6195,11
1984,F,1.8325,11
1985,M,2.173,13
1986,I,0.029,4
1987,I,0.0195,4
1988,I,0.0465,5
1989,I,0.1195,6
1990,I,0.0895,7
1991,I,0.0935,6
1992,I,0.1115,5
1993,I,0.1195,6
1994,I,0.097,6
1995,I,0.133,6
1996,I,0.1745,7
1997,I,0.1695,6
1998,I,0.17,7
1999,I,0.1605,6
2000,I,0.271,9
2001,I,0.2185,6
2002,I,0.196,7
2003,I,0.226,6
2004,I,0.22,7
2005,I,0.3,7
2006,I,0.2875,7
2007,I,0.316,8
2008,I,0.3675,7
2009,I,0.3675,8
2010,I,0.346,7
2011,M,0.4955,8
2012,I,0.4675,7
2013,M,0.522,10
2014,I,0.441,10
2015,I,0.5185,8
2016,M,0.653,9
2017,M,0.5915,12
2018,M,0.4825,10
2019,I,0.6855,9
2020,M,0.6335,9
2021,M,0.6875,9
2022,F,0.741,9
2023,F,0.6355,9
2024,M,0.8395,11
2025,F,0.9205,10
2026,F,0.8215,9
2027,M,0.9255,9
2028,F,0.8295,10
2029,M,1.063,9
2030,M,1.115,10
2031,F,0.837,10
2032,M,0.982,12
2033,M,1.112,10
2034,F,1.3485,14
2035,M,1.5655,9
2036,I,0.086,5
2037,I,0.1065,5
2038,I,0.132,5
2039,I,0.1075,6
2040,I,0.1745,8
2041,I,0.152,8
2042,I,0.2755,8
2043,I,0.293,7
2044,F,0.368,7
2045,I,0.312,8
2046,I,0.336,7
2047,I,0.355,6
2048,I,0.379,9
2049,I,0.378,8
2050,M,0.4655,8
2051,F,0.594,8
2052,M,0.4935,8
2053,M,0.4595,7
2054,M,0.4955,7
2055,I,0.4325,9
2056,F,0.689,7
2057,I,0.5465,8
2058,M,0.617,8
2059,I,0.538,8
2060,M,0.7815,9
2061,F,0.6355,8
2062,M,0.6435,7
2063,M,0.5115,8
2064,M,0.738,8
2065,F,0.699,8
2066,F,0.7655,10
2067,F,0.7505,9
2068,F,0.844,9
2069,M,0.8705,9
2070,I,0.668,11
2071,F,0.83,9
2072,M,0.8685,8
2073,F,0.839,7
2074,F,1.079,11
2075,M,0.919,9
2076,F,1.1345,10
2077,F,0.909,8
2078,M,1.2435,8
2079,F,1.056,9
2080,M,1.2095,9
2081,M,1.238,8
2082,F,1.644,10
2083,M,1.7725,11
2084,F,1.2525,12
2085,F,1.761,10
2086,F,1.3165,10
2087,M,1.914,11
2088,F,2.1,12
2089,F,1.6895,10
2090,M,2.032,17
2091,F,0.66,8
2092,M,0.7455,10
2093,F,0.616,11
2094,I,0.2825,7
2095,M,0.3355,7
2096,M,0.651,11
2097,M,0.361,7
2098,M,0.4775,8
2099,F,0.3465,10
2100,I,0.25,10
2101,M,0.66,19
2102,I,0.315,9
2103,M,0.276,9
2104,F,0.5395,11
2105,M,1.04,10
2106,M,1.041,14
2107,F,1.6885,15
2108,M,2.1835,27
2109,M,1.2105,13
2110,I,0.166,5
2111,I,0.452,9
2112,M,0.7185,8
2113,I,0.232,7
2114,I,0.0105,4
2115,I,0.0275,3
2116,I,0.1445,6
2117,F,0.282,7
2118,F,0.608,8
2119,I,0.433,9
2120,M,0.3295,7
2121,I,0.4555,9
2122,F,0.4585,11
2123,F,0.275,6
2124,M,0.335,7
2125,M,0.4265,8
2126,F,0.5765,10
2127,I,0.127,7
2128,M,1.1505,12
2129,M,0.8915,12
2130,M,0.97,9
2131,M,0.18,6
2132,F,0.6985,10
2133,M,0.4585,9
2134,F,0.4005,8
2135,M,0.7145,12
2136,F,0.932,9
2137,F,0.966,10
2138,F,0.9995,16
2139,M,1.496,14
2140,F,0.5065,10
2141,I,0.1735,7
2142,I,0.3945,9
2143,M,0.4665,10
2144,M,0.401,9
2145,F,0.3455,9
2146,M,0.5205,11
2147,M,0.4935,12
2148,M,0.3245,8
2149,M,0.106,7
2150,M,0.4415,10
2151,F,1.966,18
2152,F,0.3025,8
2153,I,0.1225,5
2154,M,0.879,10
2155,M,1.2275,16
2156,M,1.2715,12
2157,M,1.806,17
2158,M,0.8085,14
2159,F,1.3905,12
2160,M,1.8465,19
2161,F,2.1995,17
2162,F,1.817,11
2163,F,0.897,9
2164,M,0.3245,5
2165,F,1.136,9
2166,I,0.2735,6
2167,F,0.2405,5
2168,M,0.1545,6
2169,I,0.0145,4
2170,M,0.1185,7
2171,I,0.0295,6
2172,I,0.0385,5
2173,M,0.799,10
2174,F,1.1845,13
2175,M,0.925,12
2176,F,1.098,20
2177,F,1.071,14
2178,F,0.975,15
2179,F,1.283,14
2180,F,1.0595,21
2181,M,0.9195,16
2182,M,0.9295,13
2183,M,0.8085,6
2184,I,0.1485,6
2185,M,0.4475,9
2186,F,0.6865,9
2187,M,0.6335,14
2188,M,0.547,12
2189,F,0.585,10
2190,M,0.927,11
2191,M,1.4935,15
2192,F,1.0405,14
2193,I,0.0605,6
2194,I,0.3675,13
2195,I,0.099,5
2196,I,0.233,11
2197,I,0.3625,10
2198,I,0.081,6
2199,F,1.596,21
2200,F,1.4005,13
2201,F,1.406,25
2202,M,0.9245,19
2203,M,1.36,18
2204,M,0.43,7
2205,I,0.1365,6
2206,F,0.14,5
2207,M,0.4215,8
2208,F,1.5765,16
2209,F,1.2125,27
2210,M,1.6305,18
2211,M,1.142,17
2212,F,1.366,13
2213,M,1.539,17
2214,F,0.445,8
2215,F,0.5725,10
2216,I,0.19,7
2217,F,0.764,13
2218,M,0.853,14
2219,F,0.5885,13
2220,F,0.7875,8
2221,M,1.035,17
2222,F,1.352,13
2223,F,0.958,14
2224,F,0.797,9
2225,M,0.857,13
2226,I,0.2235,7
2227,I,0.086,7
2228,F,0.692,12
2229,M,0.2225,7
2230,M,0.7575,13
2231,F,0.729,9
2232,F,0.903,9
2233,M,1.0965,17
2234,F,0.903,14
2235,M,1.229,13
2236,F,1.106,15
2237,M,1.171,17
2238,I,0.444,8
2239,F,0.4755,8
2240,M,0.388,12
2241,F,0.3785,11
2242,F,0.486,7
2243,M,0.5265,10
2244,I,0.2275,11
2245,M,0.5105,9
2246,F,0.3105,10
2247,F,0.543,9
2248,M,0.2225,6
2249,F,0.998,12
2250,M,1.5455,11
2251,M,1.2675,13
2252,F,1.1,14
2253,F,1.4285,11
2254,M,1.793,14
2255,M,0.6185,12
2256,M,0.5825,8
2257,M,0.7485,13
2258,M,0.406,8
2259,F,1.1005,13
2260,M,0.869,10
2261,M,0.955,11
2262,F,0.9215,17
2263,F,1.456,13
2264,I,0.893,14
2265,F,2.226,13
2266,F,1.2125,14
2267,F,1.0675,15
2268,F,0.8525,13
2269,M,0.8615,12
2270,F,1.162,18
2271,F,0.8705,14
2272,M,1.598,15
2273,F,1.406,13
2274,M,2.033,15
2275,M,1.259,20
2276,F,1.0935,14
2277,F,1.1805,19
2278,M,0.7175,9
2279,M,0.7575,10
2280,M,0.487,9
2281,I,0.5705,8
2282,F,0.6905,10
2283,I,0.4475,7
2284,I,0.347,9
2285,I,0.352,9
2286,F,0.7145,9
2287,F,0.3315,7
2288,I,0.18,6
2289,F,0.974,10
2290,I,0.185,6
2291,M,0.563,10
2292,F,0.3215,9
2293,I,0.179,6
2294,M,0.702,12
2295,F,0.8045,10
2296,F,0.8075,13
2297,M,0.578,8
2298,I,0.385,7
2299,I,0.585,8
2300,F,0.6375,10
2301,F,0.813,10
2302,M,0.5735,9
2303,F,0.94,11
2304,M,1.008,11
2305,F,0.775,23
2306,F,1.1445,12
2307,F,0.6,16
2308,M,0.515,11
2309,M,0.5795,13
2310,F,0.384,13
2311,M,0.2965,7
2312,I,0.137,8
2313,M,0.991,16
2314,F,0.925,14
2315,M,0.805,17
2316,M,0.8915,13
2317,M,0.769,13
2318,F,0.6185,12
2319,F,0.6515,15
2320,I,0.2875,10
2321,M,0.5545,14
2322,M,0.7365,12
2323,I,0.306,8
2324,F,1.496,17
2325,F,0.3605,10
2326,M,0.3045,11
2327,M,0.592,13
2328,F,0.7995,15
2329,I,0.5825,15
2330,I,0.3435,9
2331,M,0.906,15
2332,F,0.6295,9
2333,M,1.5515,13
2334,F,2.526,23
2335,M,1.103,23
2336,F,0.957,18
2337,M,0.86,11
2338,M,1.62,17
2339,M,1.407,17
2340,F,0.9,11
2341,I,0.1455,7
2342,I,0.075,6
2343,I,0.0235,6
2344,M,1.247,21
2345,F,1.7265,17
2346,F,0.8025,13
2347,M,0.764,11
2348,M,0.8645,16
2349,F,0.4715,9
2350,F,0.631,12
2351,M,0.9455,19
2352,M,1.3185,18
2353,F,1.7265,17
2354,M,1.081,11
2355,M,0.9025,13
2356,M,1.1415,13
2357,M,1.027,17
2358,F,1.3445,20
2359,F,1.449,13
2360,F,0.7745,11
2361,M,0.7895,12
2362,F,1.3665,18
2363,M,1.0295,18
2364,F,1.031,15
2365,F,1.065,12
2366,M,1.885,19
2367,M,1.2425,15
2368,F,1.969,16
2369,I,0.9445,12
2370,I,0.354,8
2371,M,0.023,3
2372,F,0.3575,12
2373,F,0.5965,12
2374,I,0.383,12
2375,M,0.2065,10
2376,F,0.382,8
2377,I,0.6315,12
2378,I,0.3285,12
2379,F,0.2165,10
2380,M,0.0305,5
2381,M,0.024,5
2382,I,0.7365,11
2383,F,0.6005,16
2384,F,0.4285,11
2385,F,0.496,12
2386,F,0.6195,14
2387,I,0.567,11
2388,I,0.6505,10
2389,M,0.4495,11
2390,F,0.4485,16
2391,M,0.241,10
2392,M,0.197,10
2393,I,0.1425,7
2394,I,1.2395,14
2395,I,1.0385,14
2396,I,0.972,14
2397,I,1.3315,17
2398,I,0.762,14
2399,F,0.775,17
2400,I,0.437,13
2401,F,0.6985,12
2402,I,0.435,16
2403,M,0.1295,10
2404,I,0.8435,15
2405,I,1.25,15
2406,F,1.017,10
2407,I,1.411,12
2408,I,1.208,15
2409,F,1.0705,8
2410,F,0.5895,10
2411,I,0.537,9
2412,M,0.15,7
2413,F,0.651,12
2414,I,0.28,9
2415,M,0.287,10
2416,M,0.3525,18
2417,M,0.12,11
2418,F,0.494,18
2419,F,0.4765,10
2420,M,0.2145,13
2421,I,0.595,15
2422,F,0.4805,12
2423,F,0.321,10
2424,M,0.096,6
2425,I,0.9315,13
2426,I,0.782,14
2427,M,0.0945,6
2428,F,0.6695,10
2429,M,0.213,9
2430,I,0.525,11
2431,F,1.312,18
2432,F,1.087,11
2433,F,1.523,16
2434,I,1.319,16
2435,F,0.579,14
2436,M,0.8175,23
2437,I,0.17,9
2438,F,0.796,16
2439,F,0.197,9
2440,M,0.5255,13
2441,M,0.879,10
2442,M,0.4625,9
2443,F,0.4565,11
2444,M,0.528,9
2445,M,0.5835,12
2446,F,0.884,14
2447,I,0.096,6
2448,F,0.1855,7
2449,F,0.27,9
2450,F,0.463,10
2451,M,0.198,10
2452,M,0.282,9
2453,I,0.0995,8
2454,I,0.092,5
2455,I,0.0625,6
2456,I,0.073,5
2457,I,0.071,5
2458,I,0.036,4
2459,F,1.099,20
2460,M,0.5905,14
2461,F,0.768,13
2462,M,0.413,8
2463,M,0.8505,17
2464,F,0.6915,11
2465,M,0.709,11
2466,M,0.3755,9
2467,M,0.8185,16
2468,F,0.227,8
2469,M,0.8245,13
2470,M,1.1825,11
2471,M,1.122,20
2472,M,1.6115,14
2473,F,1.2985,14
2474,M,1.3,14
2475,F,1.161,12
2476,M,1.489,18
2477,M,1.008,13
2478,F,0.441,8
2479,F,0.742,14
2480,F,0.7,13
2481,M,0.271,8
2482,M,0.8565,12
2483,F,0.8975,14
2484,M,0.6105,14
2485,I,0.1925,8
2486,F,0.6635,13
2487,F,1.235,11
2488,M,0.7615,14
2489,M,0.592,15
2490,M,0.39,7
2491,F,0.7565,10
2492,F,0.57,11
2493,I,0.2865,8
2494,M,0.2935,9
2495,M,0.567,12
2496,F,0.6245,15
2497,M,0.8415,12
2498,M,0.7775,15
2499,M,0.989,19
2500,F,0.6905,12
2501,F,0.2,9
2502,I,0.109,5
2503,I,0.127,6
2504,I,0.2885,6
2505,I,0.18,6
2506,I,0.144,7
2507,I,0.4665,7
2508,I,0.33,6
2509,I,0.3625,6
2510,I,0.34,8
2511,I,0.365,6
2512,M,0.5,8
2513,F,0.6265,8
2514,I,0.5555,8
2515,F,0.6015,8
2516,I,0.53,10
2517,M,0.6315,7
2518,M,0.7715,8
2519,I,0.6125,7
2520,M,0.872,9
2521,M,0.8115,9
2522,M,0.8795,11
2523,F,0.983,9
2524,M,1.145,11
2525,M,1.09,9
2526,M,1.262,9
2527,M,1.185,10
2528,F,1.4405,9
2529,F,1.332,8
2530,F,1.1405,9
2531,M,1.201,10
2532,F,1.33,10
2533,M,1.362,10
2534,M,1.647,12
2535,F,1.4995,11
2536,F,1.6225,12
2537,I,1.786,11
2538,M,1.791,15
2539,F,1.925,13
2540,F,1.689,13
2541,F,1.659,9
2542,F,2.0475,14
2543,F,1.6015,10
2544,F,2.0165,10
2545,I,0.04,4
2546,I,0.0565,4
2547,I,0.064,5
2548,I,0.0875,4
2549,I,0.106,5
2550,I,0.1315,5
2551,I,0.126,6
2552,I,0.155,6
2553,I,0.149,7
2554,I,0.185,7
2555,I,0.2545,6
2556,I,0.237,6
2557,I,0.279,7
2558,I,0.3205,6
2559,I,0.3335,7
2560,I,0.3885,7
2561,I,0.545,6
2562,I,0.4165,6
2563,I,0.495,7
2564,I,0.4775,6
2565,I,0.468,8
2566,F,0.4555,7
2567,F,0.46,6
2568,I,0.4155,7
2569,I,0.4215,6
2570,I,0.474,7
2571,M,0.486,9
2572,I,0.5735,7
2573,I,0.468,8
2574,M,0.5135,8
2575,M,0.6215,7
2576,I,0.494,7
2577,I,0.6005,7
2578,M,0.646,9
2579,M,0.7945,7
2580,M,0.812,8
2581,F,0.828,6
2582,M,0.681,6
2583,F,0.889,8
2584,M,0.7345,9
2585,F,0.964,8
2586,F,0.963,7
2587,F,0.995,9
2588,F,0.8585,8
2589,M,0.948,7
2590,F,0.888,8
2591,F,0.9045,8
2592,M,1.046,7
2593,F,1.1775,9
2594,F,1.0765,9
2595,F,1.0255,11
2596,F,0.9325,8
2597,F,1.235,8
2598,M,1.247,9
2599,M,1.1495,8
2600,F,1.1575,10
2601,F,1.327,10
2602,M,1.2,8
2603,F,1.2705,9
2604,F,1.2155,10
2605,F,1.3245,9
2606,M,1.3555,10
2607,F,1.127,9
2608,F,1.1075,8
2609,F,1.4255,11
2610,F,1.147,9
2611,M,1.286,8
2612,F,1.596,11
2613,F,1.297,11
2614,M,1.251,9
2615,M,1.5105,12
2616,F,1.4415,9
2617,M,1.6385,9
2618,F,1.933,13
2619,M,1.71,8
2620,F,1.8495,10
2621,M,1.742,12
2622,F,1.7975,13
2623,F,2.381,10
2624,M,2.398,12
2625,M,2.1945,10
2626,I,0.049,4
2627,I,0.1055,5
2628,I,0.1045,5
2629,I,0.163,6
2630,I,0.2275,6
2631,I,0.219,6
2632,I,0.3645,8
2633,I,0.3265,6
2634,I,0.3515,7
2635,I,0.3465,7
2636,I,0.407,7
2637,I,0.4215,7
2638,I,0.3755,7
2639,I,0.5335,6
2640,I,0.442,7
2641,I,0.1315,7
2642,I,0.5205,7
2643,I,0.5535,8
2644,I,0.5445,8
2645,M,0.554,8
2646,I,0.512,7
2647,I,0.583,8
2648,M,0.5765,9
2649,M,0.723,7
2650,I,0.5395,8
2651,I,0.625,8
2652,I,0.5925,9
2653,I,0.633,9
2654,F,0.832,9
2655,M,0.778,7
2656,M,0.7865,7
2657,F,0.778,9
2658,I,0.636,8
2659,F,0.8435,8
2660,I,0.648,8
2661,M,0.784,9
2662,F,0.908,9
2663,M,1.02,9
2664,F,0.811,9
2665,F,0.897,8
2666,M,0.852,8
2667,F,0.938,7
2668,F,0.6955,8
2669,M,0.861,8
2670,M,1.004,9
2671,F,1.0115,8
2672,F,1.1005,8
2673,M,1.108,9
2674,M,0.852,9
2675,M,1.9875,10
2676,F,1.079,10
2677,F,1.055,9
2678,M,1.198,7
2679,F,1.084,9
2680,M,1.103,10
2681,M,1.1,9
2682,M,1.1015,10
2683,M,1.3835,11
2684,F,1.115,9
2685,M,1.085,10
2686,M,1.3165,11
2687,M,1.3415,10
2688,M,1.027,8
2689,M,1.1845,9
2690,M,1.192,9
2691,F,1.285,9
2692,M,1.1805,9
2693,M,1.2655,9
2694,F,1.2895,10
2695,M,1.407,9
2696,F,1.122,9
2697,M,1.4465,10
2698,F,1.349,9
2699,M,1.269,11
2700,M,1.68,13
2701,F,1.551,13
2702,M,1.4775,11
2703,M,1.529,11
2704,M,1.7585,10
2705,M,1.523,13
2706,F,1.7315,11
2707,M,1.51,9
2708,M,1.88,11
2709,F,2.012,12
2710,M,2.201,11
2711,I,0.0315,3
2712,I,0.04,4
2713,I,0.0635,4
2714,I,0.0985,5
2715,I,0.167,6
2716,I,0.2015,6
2717,I,0.183,6
2718,I,0.187,7
2719,I,0.1795,5
2720,I,0.2065,7
2721,I,0.3,8
2722,I,0.2295,7
2723,I,0.343,7
2724,I,0.244,8
2725,I,0.3075,8
2726,I,0.3415,7
2727,I,0.271,7
2728,I,0.91,8
2729,I,0.268,7
2730,I,0.2885,6
2731,I,0.3,8
2732,I,0.326,8
2733,I,0.358,7
2734,I,0.314,8
2735,I,0.4025,8
2736,I,0.3645,7
2737,I,0.4235,9
2738,M,0.4305,8
2739,I,0.3505,7
2740,I,0.486,8
2741,I,0.471,8
2742,I,0.415,8
2743,I,0.5195,7
2744,M,0.5895,11
2745,I,0.5215,8
2746,I,0.4475,8
2747,I,0.5585,10
2748,I,0.596,9
2749,I,0.5385,9
2750,I,0.7665,8
2751,F,0.516,9
2752,M,0.7355,7
2753,I,0.531,8
2754,I,0.607,8
2755,F,0.7055,10
2756,I,0.6445,8
2757,I,0.6315,9
2758,M,0.7845,10
2759,F,0.9475,8
2760,I,0.712,10
2761,I,0.89,10
2762,I,0.912,9
2763,I,0.656,10
2764,I,0.936,9
2765,I,0.6975,11
2766,F,1.1465,8
2767,I,0.825,10
2768,I,0.72,11
2769,I,0.8215,11
2770,F,1.017,10
2771,F,0.8975,9
2772,M,1.2255,10
2773,F,0.9865,11
2774,F,0.844,9
2775,I,0.8465,10
2776,M,0.885,10
2777,I,0.6735,9
2778,F,0.8755,8
2779,M,0.9235,9
2780,M,0.977,10
2781,M,1.0305,10
2782,M,1.05,8
2783,M,1.1145,11
2784,M,0.877,9
2785,M,1.285,9
2786,M,1.3065,10
2787,F,0.8725,11
2788,F,1.0265,10
2789,F,1.1605,9
2790,F,1.0125,10
2791,M,1.096,10
2792,M,1.205,10
2793,M,1.221,12
2794,F,1.0005,10
2795,M,1.1355,12
2796,M,1.3135,10
2797,M,1.1955,11
2798,M,1.098,10
2799,M,1.139,10
2800,F,1.2265,11
2801,M,1.042,10
2802,M,1.368,9
2803,M,1.446,12
2804,F,1.4045,9
2805,F,1.463,11
2806,F,1.711,9
2807,M,1.74,13
2808,F,1.757,9
2809,M,1.601,11
2810,M,2.165,10
2811,M,2.3305,9
2812,I,0.0545,5
2813,I,0.0725,4
2814,I,0.0925,4
2815,I,0.183,7
2816,I,0.1525,6
2817,I,0.187,7
2818,I,0.232,8
2819,I,0.196,5
2820,I,0.2545,6
2821,I,0.2625,7
2822,I,0.362,7
2823,I,0.4445,7
2824,I,0.511,7
2825,I,0.589,8
2826,M,0.5945,9
2827,I,0.529,8
2828,M,0.872,9
2829,I,0.77,7
2830,F,0.8435,9
2831,M,0.818,7
2832,F,0.8035,9
2833,F,0.8115,9
2834,F,0.782,8
2835,M,0.8745,8
2836,M,0.984,9
2837,F,0.95,8
2838,M,1.1735,9
2839,F,0.976,10
2840,M,1.0785,9
2841,M,1.057,9
2842,M,1.11,9
2843,M,1.142,10
2844,M,1.1255,10
2845,F,1.1045,10
2846,M,1.3405,10
2847,M,1.082,8
2848,F,1.254,9
2849,M,1.2005,10
2850,M,1.243,10
2851,F,1.286,12
2852,F,1.1665,9
2853,F,1.144,8
2854,F,1.385,11
2855,F,1.309,11
2856,F,1.527,11
2857,M,1.6385,11
2858,M,1.691,11
2859,F,1.719,11
2860,F,1.52,10
2861,F,1.613,12
2862,M,2.2355,10
2863,M,2.3235,11
2864,I,0.1245,6
2865,I,0.1285,4
2866,I,0.181,5
2867,I,0.1585,6
2868,I,0.1965,7
2869,I,0.198,5
2870,I,0.1855,7
2871,I,0.2145,7
2872,I,0.3245,8
2873,I,0.2625,6
2874,I,0.371,8
2875,I,0.298,7
2876,I,0.336,7
2877,I,0.447,9
2878,F,0.4085,8
2879,I,0.587,8
2880,I,0.494,8
2881,I,0.614,8
2882,I,0.5075,9
2883,I,0.5445,8
2884,I,0.6115,9
2885,I,0.5605,8
2886,M,0.521,8
2887,I,0.5775,9
2888,I,0.5935,8
2889,I,0.597,8
2890,M,0.9505,8
2891,I,0.616,8
2892,M,0.8315,10
2893,F,0.8725,8
2894,I,0.8155,11
2895,I,0.619,10
2896,I,0.7595,8
2897,I,0.742,10
2898,I,0.804,8
2899,I,0.664,8
2900,F,0.745,9
2901,I,0.728,8
2902,I,0.777,9
2903,F,0.8765,8
2904,I,0.9895,9
2905,M,0.9655,8
2906,M,0.9065,8
2907,M,1.049,10
2908,F,0.9705,9
2909,F,0.92,9
2910,M,0.9525,11
2911,F,0.7855,11
2912,I,0.855,9
2913,M,1.142,9
2914,I,0.755,9
2915,I,0.9745,10
2916,M,1.2015,10
2917,M,1.1295,10
2918,I,0.9205,9
2919,F,1.056,10
2920,M,1.34,10
2921,F,0.9625,9
2922,M,1.0475,11
2923,F,1.0915,13
2924,M,1.167,9
2925,I,0.9995,10
2926,I,1.0485,11
2927,F,1.2735,12
2928,M,1.0625,11
2929,I,1.1545,11
2930,F,1.194,11
2931,F,1.1215,9
2932,M,0.9335,10
2933,F,1.198,10
2934,F,0.9545,9
2935,M,1.3585,10
2936,M,1.2075,11
2937,M,1.217,10
2938,F,1.217,11
2939,F,0.92,10
2940,M,0.8765,10
2941,F,1.2615,10
2942,M,1.2795,9
2943,F,1.167,10
2944,M,1.1885,7
2945,F,1.3765,11
2946,M,1.292,11
2947,M,1.1795,10
2948,F,1.29,8
2949,M,1.2075,11
2950,M,1.297,11
2951,M,1.4585,11
2952,F,1.151,12
2953,F,1.197,11
2954,M,1.539,12
2955,M,1.676,15
2956,F,1.6645,12
2957,F,1.528,11
2958,F,1.494,12
2959,F,1.277,13
2960,F,1.5965,10
2961,F,1.3805,10
2962,I,1.2565,9
2963,F,1.527,12
2964,M,1.4005,9
2965,M,1.4405,9
2966,M,1.482,10
2967,M,1.2345,11
2968,F,1.3435,12
2969,M,1.533,10
2970,M,1.8445,13
2971,M,1.825,11
2972,M,2.0885,13
2973,M,2.087,12
2974,M,1.884,12
2975,I,0.305,6
2976,I,0.4295,8
2977,I,0.449,6
2978,M,1.029,8
2979,M,0.981,8
2980,I,0.5745,7
2981,F,0.693,8
2982,F,1.183,9
2983,F,0.7905,8
2984,F,1.224,10
2985,I,0.775,8
2986,M,1.2705,13
2987,M,1.406,10
2988,M,0.873,9
2989,M,0.9415,9
2990,F,1.007,9
2991,M,1.0835,8
2992,I,0.9845,8
2993,F,1.5245,11
2994,M,1.024,9
2995,M,1.281,9
2996,F,1.148,10
2997,F,1.136,9
2998,F,1.2235,9
2999,F,1.3695,11
3000,M,1.006,9
3001,M,1.307,11
3002,M,1.463,10
3003,F,1.2905,10
3004,F,1.4265,11
3005,M,1.7885,13
3006,M,1.6135,11
3007,M,2.2305,14
3008,F,2.2635,12
3009,I,0.074,4
3010,I,0.2075,6
3011,I,0.237,8
3012,I,0.2665,7
3013,I,0.215,8
3014,I,0.253,6
3015,I,0.309,6
3016,I,0.3535,7
3017,I,0.335,8
3018,I,0.3875,9
3019,I,0.365,8
3020,I,0.4045,8
3021,I,0.372,9
3022,I,0.3965,8
3023,I,0.5225,8
3024,I,0.456,9
3025,I,0.44,7
3026,I,0.507,8
3027,I,0.5285,8
3028,I,0.572,7
3029,I,0.6625,11
3030,I,0.6445,11
3031,I,0.6275,8
3032,I,0.6885,9
3033,M,0.6835,8
3034,M,0.6855,10
3035,I,0.6755,10
3036,I,0.783,11
3037,M,0.894,9
3038,I,0.768,9
3039,M,0.95,10
3040,F,0.871,10
3041,M,0.9785,9
3042,I,0.7425,8
3043,M,0.737,10
3044,I,0.9175,9
3045,F,0.8785,10
3046,M,1.1275,11
3047,M,0.9765,9
3048,I,0.974,8
3049,M,0.853,9
3050,M,0.991,12
3051,M,0.9125,9
3052,F,0.921,9
3053,F,0.869,11
3054,M,0.8665,12
3055,F,1.089,11
3056,M,0.9615,11
3057,M,1.145,13
3058,I,0.907,11
3059,F,1.1635,11
3060,M,1.1955,11
3061,M,1.31,10
3062,F,1.251,11
3063,F,1.145,9
3064,M,1.154,9
3065,F,1.1335,11
3066,F,1.2015,9
3067,M,1.5595,11
3068,M,1.3165,12
3069,M,1.403,11
3070,F,1.204,9
3071,F,1.2895,11
3072,F,1.5175,10
3073,M,1.3575,10
3074,M,1.3645,11
3075,F,1.494,11
3076,F,1.664,11
3077,M,1.545,10
3078,F,1.5855,11
3079,F,1.666,11
3080,M,1.724,13
3081,F,1.908,14
3082,F,2.073,11
3083,I,0.0515,4
3084,I,0.057,5
3085,I,0.0925,6
3086,I,0.204,7
3087,I,0.3075,7
3088,I,0.262,8
3089,M,0.458,8
3090,M,0.491,10
3091,M,0.474,10
3092,M,0.5805,11
3093,F,0.728,11
3094,M,0.622,9
3095,M,0.706,9
3096,F,0.5685,9
3097,M,0.9385,11
3098,F,0.655,8
3099,M,0.9465,9
3100,M,0.9115,10
3101,M,0.942,11
3102,M,1.193,8
3103,M,1.461,11
3104,M,1.489,10
3105,I,0.1115,5
3106,I,0.1235,5
3107,I,0.2815,5
3108,I,0.226,7
3109,I,0.2285,7
3110,I,0.2995,8
3111,I,0.361,8
3112,I,0.3045,7
3113,I,0.3975,7
3114,I,0.379,7
3115,I,0.4995,6
3116,M,0.7775,10
3117,F,0.4705,8
3118,M,0.751,8
3119,F,0.714,10
3120,F,0.6995,9
3121,F,0.952,7
3122,M,0.8755,8
3123,M,0.9215,9
3124,F,0.8285,10
3125,M,1.206,10
3126,M,1.2865,11
3127,F,1.1945,9
3128,F,1.1655,10
3129,F,1.2155,10
3130,M,1.1735,11
3131,M,1.532,11
3132,F,1.5105,10
3133,F,0.5565,9
3134,M,0.547,8
3135,M,0.5165,9
3136,M,0.764,11
3137,M,0.488,10
3138,M,0.6905,10
3139,I,0.1835,11
3140,M,0.97,20
3141,I,0.033,5
3142,I,0.059,5
3143,I,0.046,4
3144,F,1.3235,9
3145,M,0.8465,13
3146,M,1.047,14
3147,F,1.2785,13
3148,F,1.8745,12
3149,F,1.978,24
3150,F,1.367,10
3151,F,1.742,21
3152,F,0.513,11
3153,M,0.4085,9
3154,M,0.56,7
3155,M,0.635,9
3156,M,0.875,10
3157,F,0.397,9
3158,M,0.806,9
3159,F,0.204,6
3160,I,0.1165,7
3161,F,0.17,6
3162,M,1.194,15
3163,F,0.765,9
3164,F,1.151,13
3165,F,0.6765,9
3166,F,1.571,18
3167,M,1.153,15
3168,M,1.114,15
3169,M,0.9125,10
3170,F,0.872,14
3171,M,0.792,13
3172,F,0.606,11
3173,M,0.2265,6
3174,M,0.3955,9
3175,I,0.61,11
3176,F,0.539,12
3177,F,0.657,15
3178,M,0.2505,8
3179,I,0.102,8
3180,F,0.2685,7
3181,M,0.551,11
3182,M,1.307,10
3183,M,0.9185,11
3184,F,1.707,13
3185,F,0.8805,11
3186,F,0.4965,6
3187,F,0.632,8
3188,M,2.2695,16
3189,M,0.9235,7
3190,I,0.0345,5
3191,M,1.3315,13
3192,F,0.72,14
3193,M,1.032,20
3194,F,1.017,12
3195,F,0.98,18
3196,I,0.1495,5
3197,I,0.1515,7
3198,M,0.478,11
3199,F,0.578,9
3200,F,0.6835,10
3201,F,0.2725,6
3202,F,1.511,17
3203,F,1.3035,17
3204,F,1.3955,15
3205,M,0.1975,9
3206,I,0.116,8
3207,I,0.523,15
3208,I,0.1565,9
3209,I,0.384,14
3210,M,1.0055,12
3211,F,1.1345,10
3212,F,1.0835,14
3213,F,0.868,13
3214,F,1.0915,14
3215,F,1.271,11
3216,M,1.4985,16
3217,M,0.388,10
3218,F,1.2355,14
3219,M,1.402,16
3220,M,0.6025,11
3221,M,0.2775,9
3222,M,0.973,18
3223,M,0.753,8
3224,M,1.3765,16
3225,I,0.375,9
3226,F,0.4135,10
3227,F,0.56,13
3228,I,0.3915,9
3229,F,1.2765,12
3230,M,0.96,11
3231,M,0.3745,12
3232,M,0.696,13
3233,F,1.2955,12
3234,F,1.2315,13
3235,M,1.383,14
3236,I,0.2225,8
3237,M,1.156,18
3238,M,1.477,14
3239,F,1.5715,15
3240,M,0.858,15
3241,M,1.4995,14
3242,M,1.467,15
3243,F,1.092,14
3244,F,1.8165,19
3245,F,1.6365,13
3246,M,0.906,13
3247,F,1.213,15
3248,M,1.06,11
3249,M,0.161,6
3250,F,0.459,9
3251,I,0.533,8
3252,M,0.6175,12
3253,I,0.366,6
3254,F,0.4195,7
3255,I,0.15,5
3256,F,0.8745,12
3257,M,0.655,9
3258,M,0.484,7
3259,M,1.4435,18
3260,F,0.8775,13
3261,F,1.3105,12
3262,F,1.2515,14
3263,M,0.9085,17
3264,F,1.1705,12
3265,M,0.528,14
3266,F,0.6625,11
3267,F,0.4335,10
3268,M,0.3595,11
3269,F,1.107,12
3270,F,0.8595,13
3271,M,0.7735,17
3272,M,0.4365,11
3273,F,0.501,13
3274,F,0.6735,18
3275,M,0.415,12
3276,M,0.4775,12
3277,F,0.5555,15
3278,M,0.6445,12
3279,F,1.428,18
3280,M,1.6195,24
3281,M,0.81,11
3282,F,1.0385,13
3283,F,0.9715,11
3284,M,0.868,11
3285,F,1.522,13
3286,F,1.1255,14
3287,M,0.7085,12
3288,F,1.0185,15
3289,M,0.72,15
3290,F,0.6175,12
3291,M,0.738,9
3292,F,0.597,11
3293,M,1.156,13
3294,F,1.22,14
3295,M,0.7485,14
3296,F,1.0735,14
3297,M,1.229,17
3298,F,1.146,13
3299,M,1.145,16
3300,F,1.1055,16
3301,F,1.67,11
3302,F,1.555,15
3303,F,0.9285,12
3304,F,0.8085,16
3305,I,1.057,16
3306,I,0.2595,10
3307,F,0.438,9
3308,M,0.099,5
3309,I,0.5085,9
3310,F,1.166,13
3311,F,0.507,12
3312,F,0.6345,17
3313,M,0.314,11
3314,I,0.4385,11
3315,M,0.195,9
3316,M,0.451,16
3317,M,0.084,7
3318,M,0.0245,4
3319,F,1.4685,19
3320,F,0.7765,16
3321,I,0.5425,11
3322,F,0.5885,15
3323,F,0.3375,12
3324,I,0.2565,12
3325,M,0.163,10
3326,I,0.8095,12
3327,I,1.3655,16
3328,I,0.967,13
3329,F,0.6855,10
3330,F,0.314,10
3331,F,0.7005,11
3332,I,0.4895,13
3333,I,0.45,12
3334,I,0.259,8
3335,F,0.382,12
3336,F,0.4435,11
3337,I,1.6935,15
3338,F,1.71,16
3339,F,0.8575,12
3340,I,0.97,17
3341,F,0.59,12
3342,M,0.34,14
3343,F,0.385,13
3344,I,0.515,13
3345,F,0.59,12
3346,I,0.51,14
3347,M,0.3005,11
3348,I,0.683,13
3349,I,0.468,10
3350,I,0.4075,11
3351,F,0.584,13
3352,F,0.829,15
3353,I,0.4545,8
3354,F,0.4385,10
3355,I,0.407,10
3356,I,0.3085,6
3357,I,0.239,8
3358,M,0.106,5
3359,I,1.178,20
3360,F,1.073,19
3361,M,0.306,9
3362,M,0.301,9
3363,I,0.7585,10
3364,M,0.171,11
3365,I,0.3625,11
3366,M,0.0905,5
3367,I,1.0885,17
3368,I,1.097,13
3369,I,1.278,17
3370,M,0.44,12
3371,M,0.163,10
3372,I,0.522,16
3373,M,0.9715,19
3374,F,0.588,10
3375,F,0.5325,10
3376,I,0.127,6
3377,I,0.0815,5
3378,M,0.1635,8
3379,I,0.1,8
3380,I,0.0265,5
3381,M,0.9955,19
3382,M,0.6605,15
3383,M,0.721,14
3384,F,0.1485,7
3385,F,0.487,13
3386,M,0.955,13
3387,M,0.873,18
3388,M,1.65,13
3389,M,1.1285,16
3390,M,1.1115,10
3391,M,0.9745,13
3392,M,1.4605,19
3393,M,1.0105,10
3394,M,1.0765,13
3395,F,1.2225,13
3396,M,1.616,18
3397,F,0.559,12
3398,M,0.2205,9
3399,F,0.44,8
3400,M,0.879,10
3401,M,0.6815,18
3402,M,0.5795,13
3403,I,0.209,9
3404,M,0.224,8
3405,I,0.1765,7
3406,I,0.196,8
3407,I,0.192,6
3408,I,0.3095,7
3409,I,0.313,7
3410,I,0.3595,6
3411,I,0.3855,7
3412,I,0.5785,8
3413,M,0.674,9
3414,F,0.5265,7
3415,F,1.0315,9
3416,M,0.9,7
3417,M,1.0165,9
3418,F,1.2495,8
3419,M,1.1685,8
3420,F,1.148,10
3421,M,1.089,11
3422,M,1.0325,9
3423,F,1.172,11
3424,M,1.3715,10
3425,F,1.5055,10
3426,M,1.9045,13
3427,M,2.4925,13
3428,I,0.0805,4
3429,I,0.111,6
3430,I,0.152,6
3431,I,0.199,5
3432,I,0.219,6
3433,I,0.2155,6
3434,I,0.2565,6
3435,I,0.257,7
3436,I,0.2505,6
3437,I,0.279,8
3438,I,0.378,6
3439,I,0.456,8
3440,I,0.5055,7
3441,F,0.4705,7
3442,M,0.643,8
3443,I,0.513,7
3444,F,0.569,9
3445,I,0.578,8
3446,I,0.596,8
3447,F,0.5725,8
3448,M,0.6435,7
3449,M,0.8115,7
3450,F,0.7115,7
3451,M,0.9155,8
3452,F,0.8815,8
3453,F,0.931,8
3454,F,1.065,8
3455,M,1.1385,9
3456,F,1.234,12
3457,F,1.2635,10
3458,F,1.0745,8
3459,M,1.403,8
3460,M,1.1325,9
3461,F,1.1115,11
3462,F,1.255,10
3463,M,1.437,11
3464,M,1.3635,10
3465,F,1.1435,9
3466,M,1.4545,9
3467,M,1.478,10
3468,F,1.6885,11
3469,F,2.0725,10
3470,M,1.787,11
3471,F,1.523,9
3472,I,0.021,3
3473,I,0.0455,4
3474,I,0.2435,6
3475,I,0.2675,6
3476,I,0.258,7
3477,I,0.2985,6
3478,I,0.411,7
3479,I,0.38,7
3480,I,0.4385,8
3481,I,0.4015,6
3482,I,0.4485,7
3483,I,0.4155,7
3484,I,0.7095,8
3485,I,0.637,7
3486,F,1.1155,8
3487,I,0.599,8
3488,I,0.5345,8
3489,F,0.627,8
3490,M,0.7465,10
3491,M,0.985,8
3492,M,0.85,8
3493,M,0.838,8
3494,F,0.812,9
3495,M,0.7615,8
3496,M,0.87,8
3497,F,0.9835,9
3498,M,0.929,10
3499,F,1.0155,9
3500,M,0.939,8
3501,M,1.164,12
3502,M,1.214,10
3503,F,1.1345,11
3504,F,1.233,10
3505,M,1.0815,10
3506,M,1.179,9
3507,F,1.1635,11
3508,F,1.1545,9
3509,F,1.3345,10
3510,M,1.469,9
3511,M,1.492,11
3512,F,1.5585,11
3513,F,1.3275,9
3514,M,1.6615,10
3515,F,1.492,12
3516,F,1.7365,11
3517,F,1.6605,11
3518,M,1.348,11
3519,M,1.7405,10
3520,F,1.7185,11
3521,I,0.041,3
3522,I,0.0655,4
3523,I,0.097,4
3524,I,0.131,6
3525,I,0.1695,6
3526,I,0.192,6
3527,I,0.1765,7
3528,I,0.1735,6
3529,I,0.1785,6
3530,I,0.2055,7
3531,I,0.2345,7
3532,I,0.2305,7
3533,I,0.314,6
3534,I,0.33,6
3535,I,0.2775,9
3536,I,0.405,8
3537,I,0.309,6
3538,M,0.4385,7
3539,I,0.396,8
3540,I,0.3615,8
3541,I,0.514,8
3542,I,0.4265,8
3543,I,0.384,8
3544,I,0.4865,9
3545,I,0.4355,8
3546,I,0.498,7
3547,I,0.494,9
3548,F,0.594,7
3549,I,0.528,9
3550,M,0.5585,8
3551,I,0.636,9
3552,I,0.567,8
3553,I,0.6615,9
3554,I,0.658,8
3555,M,0.78,8
3556,I,0.6075,9
3557,I,0.7025,8
3558,I,0.8725,10
3559,F,1.2365,10
3560,M,1.186,10
3561,I,0.7745,9
3562,F,0.8875,8
3563,I,0.8725,8
3564,I,0.8515,9
3565,F,0.895,9
3566,M,0.886,9
3567,I,0.9265,10
3568,I,0.8295,10
3569,I,0.907,11
3570,M,1.041,9
3571,F,0.9355,9
3572,F,1.058,9
3573,F,0.7955,10
3574,F,1.0805,9
3575,M,0.928,8
3576,F,1.059,11
3577,M,1.157,11
3578,F,1.088,10
3579,F,0.776,9
3580,F,1.043,10
3581,M,1.1415,9
3582,F,1.3335,10
3583,F,1.273,9
3584,M,1.1835,11
3585,M,1.2135,9
3586,I,1.0315,11
3587,M,1.3695,10
3588,M,1.3745,12
3589,M,1.463,11
3590,F,1.6275,11
3591,F,1.3875,9
3592,M,1.46,11
3593,F,1.2835,8
3594,F,1.3765,12
3595,M,1.6465,11
3596,M,1.265,10
3597,M,1.56,11
3598,M,1.6,12
3599,M,2.333,12
3600,I,0.028,4
3601,I,0.226,8
3602,I,0.2855,5
3603,I,0.325,7
3604,I,0.514,8
3605,I,0.5755,8
3606,F,0.5805,7
3607,M,0.678,8
3608,M,0.8035,7
3609,F,0.913,9
3610,M,0.8675,9
3611,F,1.0425,10
3612,M,1.14,10
3613,F,1.3475,11
3614,M,1.0735,11
3615,M,1.4335,9
3616,M,1.304,14
3617,M,0.9505,9
3618,M,1.385,11
3619,F,1.12,12
3620,F,1.2645,9
3621,F,1.275,8
3622,M,1.27,10
3623,M,1.583,10
3624,F,1.4355,9
3625,F,1.42,10
3626,M,1.5955,10
3627,M,1.89,10
3628,F,2.037,13
3629,I,0.084,6
3630,I,0.1005,7
3631,I,0.1285,5
3632,I,0.1345,5
3633,I,0.1195,5
3634,I,0.1895,6
3635,I,0.257,6
3636,I,0.2745,8
3637,I,0.342,6
3638,I,0.344,8
3639,I,0.3275,8
3640,I,0.4035,7
3641,I,0.4075,9
3642,I,0.4975,8
3643,I,0.3685,8
3644,I,0.4175,7
3645,I,0.4425,9
3646,I,0.4225,9
3647,I,0.426,8
3648,I,0.511,9
3649,I,0.573,9
3650,I,0.6385,8
3651,I,0.657,10
3652,F,0.8735,10
3653,I,0.781,9
3654,I,0.6765,9
3655,M,0.769,9
3656,I,0.6235,11
3657,M,0.7315,7
3658,I,0.8075,10
3659,M,0.737,9
3660,F,0.654,10
3661,I,0.7915,10
3662,I,0.753,8
3663,I,0.717,9
3664,I,0.783,9
3665,I,0.872,9
3666,I,0.983,8
3667,F,1.034,11
3668,F,0.9855,10
3669,I,0.7635,9
3670,M,0.9895,8
3671,I,0.9365,10
3672,F,0.964,10
3673,F,1.0455,10
3674,F,1.081,12
3675,M,1.012,10
3676,F,1.122,10
3677,M,1.1245,11
3678,F,1.1345,10
3679,M,1.0805,10
3680,F,1.0835,9
3681,M,1.242,11
3682,M,1.3915,11
3683,M,1.085,10
3684,I,0.966,11
3685,M,1.0855,10
3686,F,1.3025,14
3687,I,1.15,11
3688,I,1.217,11
3689,F,1.306,9
3690,M,1.273,13
3691,M,1.4865,12
3692,M,1.3655,11
3693,M,1.276,11
3694,M,1.2075,10
3695,F,1.281,10
3696,M,1.4275,13
3697,M,1.155,12
3698,F,1.35,10
3699,M,1.3685,11
3700,F,1.431,10
3701,M,1.261,10
3702,F,1.764,11
3703,F,1.278,11
3704,M,1.217,11
3705,F,1.46,9
3706,F,1.5575,11
3707,M,1.527,11
3708,F,1.4985,9
3709,M,1.885,10
3710,M,1.432,11
3711,M,1.4385,11
3712,F,1.564,10
3713,M,2.14,11
3714,F,1.792,11
3715,M,2.548,11
3716,I,0.1585,5
3717,I,0.4015,7
3718,I,0.465,7
3719,I,0.2885,7
3720,F,0.6475,7
3721,M,0.6485,9
3722,I,0.452,9
3723,I,0.4915,9
3724,F,0.9145,7
3725,M,0.976,9
3726,I,0.7865,8
3727,M,0.775,7
3728,I,0.8415,10
3729,M,0.681,9
3730,M,0.6145,9
3731,F,1.1655,9
3732,F,1.764,10
3733,M,1.1215,10
3734,M,1.167,10
3735,M,1.0375,9
3736,M,1.223,10
3737,M,1.124,9
3738,F,1.2635,9
3739,F,1.238,9
3740,F,1.4045,11
3741,F,1.37,12
3742,F,1.8185,13
3743,F,1.7525,12
3744,I,0.101,5
3745,I,0.106,5
3746,I,0.1865,7
3747,I,0.2575,6
3748,I,0.3225,6
3749,I,0.32,7
3750,I,0.4155,8
3751,I,0.3935,7
3752,I,0.4775,8
3753,I,0.452,8
3754,I,0.5065,8
3755,I,0.5525,8
3756,I,0.565,9
3757,I,0.699,10
3758,I,0.6055,9
3759,M,0.7905,9
3760,M,0.702,9
3761,M,0.675,10
3762,I,0.475,8
3763,I,0.612,11
3764,I,0.705,10
3765,I,0.728,9
3766,F,0.846,10
3767,M,0.86,10
3768,M,0.8875,9
3769,F,0.898,9
3770,I,0.6545,9
3771,I,0.795,10
3772,M,1.0535,9
3773,F,0.927,9
3774,I,0.701,9
3775,M,0.8275,8
3776,F,0.9845,13
3777,M,0.9565,9
3778,I,0.86,9
3779,M,1.1785,10
3780,M,1.2205,10
3781,M,0.9685,10
3782,F,1.107,11
3783,I,1.1305,12
3784,M,1.2555,11
3785,M,1.177,9
3786,M,1.2425,10
3787,M,1.09,12
3788,F,1.072,8
3789,F,1.129,10
3790,F,1.2075,10
3791,F,1.227,11
3792,F,1.472,13
3793,F,1.5785,14
3794,M,1.4755,10
3795,M,1.5545,12
3796,F,1.593,11
3797,M,1.8995,13
3798,F,1.361,10
3799,F,1.4575,11
3800,M,2.381,12
3801,I,0.0495,3
3802,I,0.1455,6
3803,I,0.129,7
3804,I,0.2255,7
3805,M,0.359,9
3806,I,0.3505,8
3807,F,0.5885,8
3808,M,0.623,10
3809,F,0.5375,8
3810,I,0.5655,8
3811,M,0.8625,9
3812,F,1.137,12
3813,I,0.221,8
3814,I,0.2425,6
3815,I,0.386,8
3816,M,0.5315,8
3817,M,0.562,8
3818,M,0.836,9
3819,M,0.9275,8
3820,M,0.8815,10
3821,M,1.03,10
3822,F,1.1685,9
3823,F,1.059,9
3824,M,1.127,7
3825,M,1.1665,11
3826,F,1.541,10
3827,M,1.7825,11
3828,M,1.543,11
3829,F,1.47,12
3830,M,0.6335,14
3831,F,0.754,10
3832,F,0.4485,14
3833,M,0.8105,11
3834,M,0.22,6
3835,F,0.4425,7
3836,M,0.3555,9
3837,I,0.034,4
3838,I,0.185,8
3839,M,0.79,8
3840,F,0.8255,9
3841,M,0.62,11
3842,F,0.9525,9
3843,M,0.955,16
3844,M,0.91,14
3845,M,0.416,11
3846,I,0.2045,6
3847,M,0.515,9
3848,F,1.604,14
3849,M,0.3435,6
3850,F,0.3005,7
3851,M,0.8255,10
3852,M,0.785,12
3853,F,0.9685,9
3854,F,0.731,11
3855,M,0.4405,8
3856,I,0.1785,9
3857,M,1.373,16
3858,F,0.9765,12
3859,F,1.018,9
3860,F,1.082,14
3861,F,1.423,14
3862,M,0.655,10
3863,F,1.4155,18
3864,I,0.1385,5
3865,M,0.782,19
3866,F,0.717,10
3867,F,0.6355,15
3868,F,0.3975,8
3869,F,0.656,9
3870,M,0.744,15
3871,F,0.447,12
3872,F,0.578,9
3873,I,0.1405,5
3874,F,0.708,12
3875,M,0.1385,9
3876,M,0.8615,16
3877,F,1.626,15
3878,M,0.478,10
3879,F,1.1775,15
3880,I,0.286,7
3881,F,1.058,10
3882,F,1.5415,15
3883,M,0.817,10
3884,I,0.152,9
3885,I,0.335,7
3886,F,0.4915,7
3887,F,0.9705,9
3888,F,0.9315,12
3889,M,1.221,12
3890,M,0.7365,16
3891,F,0.97,12
3892,F,0.8085,13
3893,I,0.4075,9
3894,M,0.6295,12
3895,F,1.053,13
3896,M,1.829,14
3897,F,1.1765,17
3898,F,0.8765,10
3899,I,0.0145,4
3900,M,0.476,15
3901,F,0.813,12
3902,I,0.018,4
3903,M,1.064,16
3904,M,0.853,16
3905,M,0.219,6
3906,M,0.0635,4
3907,I,0.6275,13
3908,I,0.441,9
3909,F,0.458,10
3910,M,0.4745,13
3911,I,0.216,10
3912,I,0.6765,15
3913,I,0.757,11
3914,I,0.7325,19
3915,I,1.0285,11
3916,F,0.712,10
3917,I,1.066,13
3918,F,1.3065,18
3919,I,0.8545,11
3920,M,0.125,8
3921,M,0.2225,10
3922,I,0.6955,10
3923,M,0.266,12
3924,F,0.7105,20
3925,F,0.487,8
3926,I,0.728,14
3927,I,0.6675,12
3928,I,2.0495,10
3929,F,1.498,16
3930,F,1.597,21
3931,I,0.8605,17
3932,F,0.541,11
3933,I,0.058,6
3934,I,0.0645,5
3935,M,0.77,11
3936,F,0.541,13
3937,M,0.739,13
3938,F,0.205,10
3939,M,0.8695,14
3940,M,0.6555,11
3941,F,1.0905,15
3942,F,0.6295,11
3943,M,1.0985,14
3944,M,0.991,20
3945,I,0.0615,6
3946,M,0.8005,13
3947,M,0.6175,16
3948,F,0.772,12
3949,F,0.7155,13
3950,F,0.717,13
3951,F,0.6355,13
3952,I,0.18,5
3953,I,0.5805,8
3954,M,0.556,7
3955,I,0.591,9
3956,F,0.686,12
3957,F,1.016,10
3958,F,1.438,9
3959,F,1.807,11
3960,M,1.777,11
3961,M,2.173,10
3962,F,2.1505,10
3963,I,0.118,4
3964,I,0.099,5
3965,I,0.1365,6
3966,I,0.1295,6
3967,I,0.164,6
3968,I,0.2875,6
3969,I,0.277,6
3970,I,0.248,6
3971,I,0.252,6
3972,M,0.4015,8
3973,I,0.3905,7
3974,I,0.409,8
3975,I,0.4095,6
3976,I,0.494,7
3977,I,0.4905,7
3978,M,0.599,8
3979,M,0.6245,6
3980,F,0.7745,7
3981,M,0.9795,8
3982,I,0.8915,6
3983,F,0.874,6
3984,M,1.262,10
3985,M,1.21,11
3986,F,1.37,10
3987,F,1.759,11
3988,M,1.3855,8
3989,F,1.8065,11
3990,M,1.5945,10
3991,M,1.4545,9
3992,M,2.003,10
3993,M,2.2385,12
3994,I,0.032,4
3995,I,0.0785,5
3996,I,0.134,6
3997,I,0.2075,6
3998,I,0.2235,6
3999,I,0.34,6
4000,I,0.5365,7
4001,I,0.635,6
4002,I,0.562,8
4003,I,0.597,8
4004,M,0.5815,10
4005,F,0.7545,9
4006,M,0.98,9
4007,F,1.0035,11
4008,M,1.133,12
4009,M,1.146,8
4010,M,1.142,9
4011,M,1.12,9
4012,F,1.011,8
4013,M,1.131,8
4014,M,1.065,10
4015,M,1.181,10
4016,F,1.382,9
4017,M,1.4385,11
4018,M,1.2275,8
4019,M,1.4415,10
4020,F,1.473,11
4021,F,1.658,10
4022,M,1.7475,11
4023,I,0.096,6
4024,I,0.1445,6
4025,I,0.1965,7
4026,I,0.196,7
4027,I,0.2155,6
4028,I,0.2805,8
4029,I,0.334,7
4030,I,0.366,7
4031,I,0.4965,8
4032,I,0.651,8
4033,I,0.5125,10
4034,M,0.6925,7
4035,I,0.5995,11
4036,I,0.74,8
4037,I,0.702,10
4038,I,0.672,11
4039,I,0.811,11
4040,F,0.9585,12
4041,I,0.858,10
4042,F,0.9575,10
4043,F,0.926,8
4044,F,0.873,10
4045,M,0.998,9
4046,M,0.6655,11
4047,M,1.003,11
4048,F,1.234,13
4049,M,1.025,9
4050,M,1.2935,9
4051,M,1.0565,10
4052,M,1.7855,13
4053,F,1.2255,10
4054,F,1.2565,10
4055,F,1.159,9
4056,M,1.403,11
4057,F,1.826,11
4058,F,1.7715,10
4059,M,0.6125,8
4060,I,0.658,8
4061,M,0.911,10
4062,M,1.1955,9
4063,F,1.336,11
4064,F,1.36,9
4065,I,0.2325,6
4066,I,0.317,7
4067,I,0.318,6
4068,I,0.2645,7
4069,I,0.4055,8
4070,I,0.524,7
4071,I,0.464,8
4072,I,0.439,8
4073,I,0.5805,9
4074,I,0.622,8
4075,M,0.7805,8
4076,I,0.772,8
4077,I,0.741,9
4078,M,0.8265,10
4079,M,0.7275,8
4080,I,0.7005,8
4081,M,0.9355,11
4082,I,1.1815,9
4083,M,1.0145,10
4084,F,1.1,10
4085,M,1.218,11
4086,M,0.874,8
4087,I,0.984,10
4088,M,1.0105,9
4089,M,1.0765,9
4090,M,1.337,11
4091,M,1.3705,12
4092,F,1.7015,11
4093,M,1.2435,11
4094,M,1.4135,13
4095,F,1.073,11
4096,F,1.477,12
4097,M,1.2915,9
4098,F,1.3105,9
4099,M,1.4915,9
4100,F,1.494,9
4101,F,1.1965,11
4102,M,1.672,11
4103,M,1.9125,10
4104,F,1.907,11
4105,F,1.79,9
4106,F,1.7495,11
4107,I,0.3415,7
4108,I,0.519,7
4109,M,0.5305,8
4110,M,1.2825,9
4111,I,0.7165,8
4112,F,1.6645,9
4113,I,0.837,8
4114,F,0.9645,9
4115,F,1.1,10
4116,M,1.2415,9
4117,F,1.3185,9
4118,M,1.3455,9
4119,I,0.1185,4
4120,M,0.197,7
4121,I,0.4725,9
4122,I,0.4495,8
4123,I,0.557,8
4124,I,0.516,8
4125,I,0.709,9
4126,M,0.7385,11
4127,I,0.7935,10
4128,M,0.9205,8
4129,I,0.7655,10
4130,M,0.824,10
4131,I,0.83,11
4132,I,0.985,10
4133,M,0.997,11
4134,F,0.914,9
4135,F,1.13,11
4136,F,1.0805,9
4137,M,1.105,11
4138,M,1.229,11
4139,F,1.2355,10
4140,F,1.2395,10
4141,F,1.357,11
4142,M,1.402,13
4143,F,1.359,13
4144,M,1.669,11
4145,M,1.7405,11
4146,M,1.51,10
4147,M,1.6645,11
4148,M,2.0505,11
4149,I,0.124,6
4150,I,0.14,7
4151,I,0.1695,6
4152,I,0.218,7
4153,I,0.384,8
4154,I,0.393,6
4155,I,0.3805,6
4156,M,0.4895,8
4157,M,0.5135,8
4158,I,0.4495,8
4159,F,0.8025,9
4160,F,1.053,11
4161,F,0.9945,11
4162,M,0.3175,8
4163,I,0.344,7
4164,I,0.2845,7
4165,I,0.3035,7
4166,I,0.499,10
4167,M,0.577,9
4168,F,0.615,8
4169,M,0.791,10
4170,M,0.8395,10
4171,M,0.8675,8
4172,F,0.887,11
4173,M,0.966,10
4174,M,1.176,9
4175,F,1.0945,10
4176,M,1.9485,12
